player_id,player_name,draft_year,pick_number,college,prospect_archetype,size_bucket,tier,is_star,is_all_nba_first_5,star_level,first_all_nba_season,first_all_nba_year_in_league,best_all_nba_team_first_5,all_nba_selections_first_5,is_starter,is_rotation,height_wo_shoes,weight,wingspan,wingspan_height_diff,actual_tier_label,source,experiment,train_through_year,scored,missing_features,p_out,p_rot_plus,p_star,rotation_plus_prob,pred_tier3,pred_tier
1631094,Paolo Banchero,2022,1,Duke,dominant_big,forward_big,3.0,True,False,1,,,,0,True,True,82.0,250.0,84.5,2.5,UNSCORED,trained_through_2021_post_2021_projection,clean_adjusted_internal_two_stage,2021,True,,0.04443463825147742,0.5604378629938505,0.39512749875467207,0.9555653617485225,2.0,STAR
1631096,Chet Holmgren,2022,2,Gonzaga,stretch_big,center,3.0,True,True,2,2025-26,4.0,3.0,1,True,False,84.0,195.0,90.0,6.0,SUPERSTAR,trained_through_2021_post_2021_projection,clean_adjusted_internal_two_stage,2021,True,,0.2610805691054886,0.39157277276151653,0.34734665813299487,0.7389194308945114,2.0,STAR
1631114,Jalen Williams,2022,12,Santa Clara,secondary_creator,guard,3.0,True,True,2,2024-25,3.0,3.0,1,True,True,76.5,209.2,86.25,9.75,SUPERSTAR,trained_through_2021_post_2021_projection,clean_adjusted_internal_two_stage,2021,True,,0.1806372610729955,0.6023017446639785,0.217060994263026,0.8193627389270044,1.0,ROT+
1631157,Ryan Rollins,2022,44,Toledo,secondary_creator,small_guard,0.0,False,False,0,,,,0,False,False,74.0,179.2,81.75,7.75,UNSCORED,trained_through_2021_post_2021_projection,clean_adjusted_internal_two_stage,2021,True,,0.4503495299019632,0.3386637754050422,0.21098669469299458,0.5496504700980368,0.0,OUT
1631095,Jabari Smith Jr.,2022,3,Auburn,playmaking_forward,forward_big,2.0,False,False,0,,,,0,True,True,82.0,220.0,85.0,3.0,UNSCORED,trained_through_2021_post_2021_projection,clean_adjusted_internal_two_stage,2021,True,,0.022442497354967617,0.8163707114019733,0.16118679124305912,0.9775575026450324,1.0,ROT+
1631105,Jalen Duren,2022,13,Memphis,rim_runner,forward_big,3.0,True,True,2,2025-26,4.0,3.0,1,True,True,83.0,250.0,89.0,6.0,SUPERSTAR,trained_through_2021_post_2021_projection,clean_adjusted_internal_two_stage,2021,True,,0.4664761062585002,0.37720710136768326,0.15631679237381652,0.5335238937414998,0.0,OUT
1631103,Malaki Branham,2022,20,Ohio State,secondary_creator,guard,0.0,False,False,0,,,,0,False,False,76.0,194.8,82.0,6.0,UNSCORED,trained_through_2021_post_2021_projection,clean_adjusted_internal_two_stage,2021,True,,0.49574428694228345,0.3956290291448053,0.10862668391291125,0.5042557130577165,0.0,OUT
1629614,Andrew Nembhard,2022,31,Gonzaga,secondary_creator,guard,0.0,False,False,0,,,,0,False,False,75.0,195.6,77.75,2.75,UNSCORED,trained_through_2021_post_2021_projection,clean_adjusted_internal_two_stage,2021,True,,0.37431970735826137,0.5272006197241352,0.09847967291760346,0.6256802926417386,0.0,OUT
1631128,Christian Braun,2022,21,Kansas,offensive_wing,guard,2.0,False,False,0,,,,0,True,True,77.5,209.2,78.5,1.0,UNSCORED,trained_through_2021_post_2021_projection,clean_adjusted_internal_two_stage,2021,True,,0.12072480082418247,0.7902933150172307,0.08898188415858684,0.8792751991758175,1.0,ROT+
1631117,Walker Kessler,2022,22,Auburn,rim_runner,center,2.0,False,False,0,,,,0,True,False,84.25,256.0,88.25,4.25,UNSCORED,trained_through_2021_post_2021_projection,clean_adjusted_internal_two_stage,2021,True,,0.2776966265271651,0.6347078773812667,0.0875954960915683,0.722303373472835,1.0,ROT+
1631112,Kendall Brown,2022,48,Baylor,offensive_wing,wing,0.0,False,False,0,,,,0,False,False,78.25,201.2,83.0,4.75,UNSCORED,trained_through_2021_post_2021_projection,clean_adjusted_internal_two_stage,2021,True,,0.5653987851787179,0.35466707708004475,0.07993413774123738,0.4346012148212821,0.0,OUT
1631109,Mark Williams,2022,15,Duke,rim_runner,center,2.0,False,False,0,,,,0,True,False,84.0,242.4,90.5,6.5,UNSCORED,trained_through_2021_post_2021_projection,clean_adjusted_internal_two_stage,2021,True,,0.5977899321733451,0.3245528705189743,0.0776571973076807,0.402210067826655,0.0,OUT
1631099,Keegan Murray,2022,4,Iowa,rim_runner,wing,2.0,False,False,0,,,,0,True,True,80.0,215.0,83.0,3.0,UNSCORED,trained_through_2021_post_2021_projection,clean_adjusted_internal_two_stage,2021,True,,0.19952490324994432,0.72591757390148,0.07455752284857568,0.8004750967500557,1.0,ROT+
1631100,AJ Griffin,2022,16,Duke,offensive_wing,wing,0.0,False,False,0,,,,0,False,False,78.0,222.0,84.0,6.0,UNSCORED,trained_through_2021_post_2021_projection,clean_adjusted_internal_two_stage,2021,True,,0.5408702377680552,0.3889078080102407,0.07022195422170405,0.4591297622319448,0.0,OUT
1631110,Jeremy Sochan,2022,9,Baylor,stretch_big,forward_big,2.0,False,False,0,,,,0,True,False,81.0,230.0,84.0,3.0,UNSCORED,trained_through_2021_post_2021_projection,clean_adjusted_internal_two_stage,2021,True,,0.41215076270015816,0.5196133027293053,0.06823593457053657,0.5878492372998418,0.0,OUT
1631113,Kennedy Chandler,2022,38,Tennessee,secondary_creator,small_guard,0.0,False,False,0,,,,0,False,False,71.5,172.2,77.25,5.75,UNSCORED,trained_through_2021_post_2021_projection,clean_adjusted_internal_two_stage,2021,True,,0.6113030692358985,0.32512738879182784,0.06356954197227367,0.3886969307641015,0.0,OUT
1631108,Max Christie,2022,35,Michigan State,two_way_wing,guard,1.0,False,False,0,,,,0,False,True,76.25,189.2,80.75,4.5,UNSCORED,trained_through_2021_post_2021_projection,clean_adjusted_internal_two_stage,2021,True,,0.4298392893207078,0.5081371354631644,0.062023575216127794,0.5701607106792922,0.0,OUT
1631207,Dalen Terry,2022,18,Arizona State,secondary_creator,wing,0.0,False,False,0,,,,0,False,False,78.0,195.2,84.75,6.75,UNSCORED,trained_through_2021_post_2021_projection,clean_adjusted_internal_two_stage,2021,True,,0.5549408682119877,0.3860915288383581,0.05896760294965423,0.4450591317880124,0.0,OUT
1631097,Bennedict Mathurin,2022,6,Arizona,two_way_wing,guard,2.0,False,False,0,,,,0,True,True,76.5,204.6,81.0,4.5,UNSCORED,trained_through_2021_post_2021_projection,clean_adjusted_internal_two_stage,2021,True,,0.13840125669434544,0.8058265731633178,0.05577217014233671,0.8615987433056546,1.0,ROT+
1631169,Josh Minott,2022,45,Memphis,rim_runner,wing,0.0,False,False,0,,,,0,False,False,80.0,205.0,83.0,3.0,UNSCORED,trained_through_2021_post_2021_projection,clean_adjusted_internal_two_stage,2021,True,,0.6721908094962327,0.2728225393207061,0.054986651183061216,0.32780919050376733,0.0,OUT
1631211,Trevor Keels,2022,42,Duke,offensive_wing,guard,0.0,False,False,0,,,,0,False,False,75.25,223.8,79.25,4.0,UNSCORED,trained_through_2021_post_2021_projection,clean_adjusted_internal_two_stage,2021,True,,0.39169940217347926,0.5601178934026324,0.048182704423888306,0.6083005978265207,0.0,OUT
1631093,Jaden Ivey,2022,5,Purdue,secondary_creator,guard,2.0,False,False,0,,,,0,True,True,76.0,200.0,81.5,5.5,UNSCORED,trained_through_2021_post_2021_projection,clean_adjusted_internal_two_stage,2021,True,,0.35480860844181117,0.5991884313523999,0.046002960205789006,0.6451913915581888,0.0,OUT
1631104,Blake Wesley,2022,25,Notre Dame,secondary_creator,guard,0.0,False,False,0,,,,0,False,False,75.0,187.2,81.25,6.25,UNSCORED,trained_through_2021_post_2021_projection,clean_adjusted_internal_two_stage,2021,True,,0.7247593095285536,0.23131390745582303,0.04392678301562335,0.2752406904714464,0.0,OUT
1631120,JD Davison,2022,53,Alabama,secondary_creator,small_guard,0.0,False,False,0,,,,0,False,False,72.5,191.8,78.5,6.0,UNSCORED,trained_through_2021_post_2021_projection,clean_adjusted_internal_two_stage,2021,True,,0.6254116948664833,0.3320806925329738,0.042507612600542914,0.3745883051335167,0.0,OUT
1630534,Ochai Agbaji,2022,14,Kansas,offensive_wing,guard,2.0,False,False,0,,,,0,True,True,76.5,216.8,82.25,5.75,UNSCORED,trained_through_2021_post_2021_projection,clean_adjusted_internal_two_stage,2021,True,,0.38469290425751257,0.5757194794895527,0.03958761625293467,0.6153070957424874,0.0,OUT
1631116,Patrick Baldwin Jr.,2022,28,Wisconsin-Milwaukee,secondary_creator,forward_big,0.0,False,False,0,,,,0,False,False,81.25,230.8,85.75,4.5,UNSCORED,trained_through_2021_post_2021_projection,clean_adjusted_internal_two_stage,2021,True,,0.6964183511879827,0.26599300464631676,0.03758864416570051,0.30358164881201727,0.0,OUT
1631212,Peyton Watson,2022,30,California-Los Angeles,role_player,wing,0.0,False,False,0,,,,0,False,False,78.75,203.4,84.5,5.75,UNSCORED,trained_through_2021_post_2021_projection,clean_adjusted_internal_two_stage,2021,True,,0.5001818396574504,0.46247723803543356,0.03734092230711593,0.4998181603425495,0.0,OUT
1631119,Jaylin Williams,2022,34,Arkansas,rim_runner,wing,0.0,False,False,0,,,,0,False,False,80.75,236.6,85.0,4.25,UNSCORED,trained_through_2021_post_2021_projection,clean_adjusted_internal_two_stage,2021,True,,0.565158785694553,0.4018443733818202,0.032996840923626834,0.43484121430544703,0.0,OUT
1631133,Jabari Walker,2022,57,Colorado,stretch_big,wing,0.0,False,False,0,,,,0,False,False,78.75,213.8,82.75,4.0,UNSCORED,trained_through_2021_post_2021_projection,clean_adjusted_internal_two_stage,2021,True,,0.565208238311522,0.40318905553108525,0.0316027061573927,0.43479176168847794,0.0,OUT
1631222,Jake LaRavia,2022,19,Wake Forest,rim_runner,wing,1.0,False,False,0,,,,0,False,True,78.75,227.2,81.5,2.75,UNSCORED,trained_through_2021_post_2021_projection,clean_adjusted_internal_two_stage,2021,True,,0.7869362739378712,0.1847825560677689,0.02828116999435997,0.21306372606212887,0.0,OUT
1631106,Tari Eason,2022,17,Louisiana State,rim_runner,wing,1.0,False,False,0,,,,0,False,True,78.75,217.4,86.0,7.25,UNSCORED,trained_through_2021_post_2021_projection,clean_adjusted_internal_two_stage,2021,True,,0.6075488837583907,0.3649921668259126,0.02745894941569676,0.3924511162416094,0.0,OUT
1631223,David Roddy,2022,23,Colorado State,rim_runner,guard,0.0,False,False,0,,,,0,False,False,76.5,260.8,83.5,7.0,UNSCORED,trained_through_2021_post_2021_projection,clean_adjusted_internal_two_stage,2021,True,,0.6896484013325215,0.28671643530152385,0.02363516336595462,0.31035159866747847,0.0,OUT
1631111,Wendell Moore Jr.,2022,26,Duke,secondary_creator,guard,0.0,False,False,0,,,,0,False,False,76.25,217.2,84.5,8.25,UNSCORED,trained_through_2021_post_2021_projection,clean_adjusted_internal_two_stage,2021,True,,0.8360245103895485,0.14084638933971666,0.023129100270734834,0.1639754896104515,0.0,OUT
1631121,Bryce McGowens,2022,40,Nebraska,two_way_wing,guard,0.0,False,False,0,,,,0,False,False,77.25,181.2,80.75,3.5,UNSCORED,trained_through_2021_post_2021_projection,clean_adjusted_internal_two_stage,2021,True,,0.7063091587114234,0.27773080794126725,0.0159600333473093,0.29369084128857653,0.0,OUT
1631217,Moussa Diabaté,2022,43,Michigan,rim_runner,forward_big,0.0,False,False,0,,,,0,False,False,81.25,216.6,86.5,5.25,UNSCORED,trained_through_2021_post_2021_projection,clean_adjusted_internal_two_stage,2021,True,,0.9110421590326144,0.07351157225647698,0.015446268710908602,0.08895784096738557,0.0,OUT
1631216,Caleb Houstan,2022,32,Michigan,two_way_wing,wing,0.0,False,False,0,,,,0,False,False,80.0,205.0,84.0,4.0,UNSCORED,trained_through_2021_post_2021_projection,clean_adjusted_internal_two_stage,2021,True,,0.6620673843726359,0.32469044000672026,0.013242175620643845,0.3379326156273641,0.0,OUT
1631102,TyTy Washington Jr.,2022,29,Kentucky,secondary_creator,small_guard,0.0,False,False,0,,,,0,False,False,74.25,196.4,80.0,5.75,UNSCORED,trained_through_2021_post_2021_projection,clean_adjusted_internal_two_stage,2021,True,,0.8426812454895687,0.14408895459145218,0.013229799918979119,0.1573187545104313,0.0,OUT
1630600,Isaiah Mobley,2022,49,Southern California,stretch_big,forward_big,0.0,False,False,0,,,,0,False,False,82.0,235.0,87.0,5.0,UNSCORED,trained_through_2021_post_2021_projection,clean_adjusted_internal_two_stage,2021,True,,0.7369713989809636,0.250346282187083,0.012682318831953393,0.26302860101903636,0.0,OUT
1631132,Christian Koloko,2022,33,Arizona,rim_runner,forward_big,0.0,False,False,0,,,,0,False,False,82.75,221.0,89.25,6.5,UNSCORED,trained_through_2021_post_2021_projection,clean_adjusted_internal_two_stage,2021,True,,0.8695104273866473,0.11796533891677882,0.012524233696573904,0.13048957261335273,0.0,OUT
1631213,Tyrese Martin,2022,51,Connecticut,offensive_wing,wing,0.0,False,False,0,,,,0,False,False,78.0,215.0,80.0,2.0,UNSCORED,trained_through_2021_post_2021_projection,clean_adjusted_internal_two_stage,2021,True,,0.6900989200633719,0.29782079621156654,0.012080283725061647,0.3099010799366282,0.0,OUT
1631246,Vince Williams Jr.,2022,47,Virginia Commonwealth,offensive_wing,wing,0.0,False,False,0,,,,0,False,False,78.0,210.0,84.0,6.0,UNSCORED,trained_through_2021_post_2021_projection,clean_adjusted_internal_two_stage,2021,True,,0.7207001396105421,0.2701614576926714,0.00913840269678653,0.2792998603894579,0.0,OUT
1631098,Johnny Davis,2022,10,Wisconsin,secondary_creator,guard,0.0,False,False,0,,,,0,False,False,76.25,196.4,80.5,4.25,UNSCORED,trained_through_2021_post_2021_projection,clean_adjusted_internal_two_stage,2021,True,,0.8059282372205275,0.1855339675243319,0.008537795255140552,0.19407176277947247,0.0,OUT
1630604,E.J. Liddell,2022,41,Ohio State,rim_protector,guard,0.0,False,False,0,,,,0,False,False,77.5,243.0,83.75,6.25,UNSCORED,trained_through_2021_post_2021_projection,clean_adjusted_internal_two_stage,2021,True,,0.8431316857257859,0.1509094381680861,0.005958876106127983,0.1568683142742141,0.0,OUT
1631101,Shaedon Sharpe,2022,7,Kentucky,role_path,guard,2.0,False,False,0,,,,0,True,True,76.25,198.0,83.5,7.25,UNSCORED,trained_through_2021_post_2021_projection,clean_adjusted_internal_two_stage,2021,False,"college_usg_pct,college_ast_pct,college_tov_pct,college_ts_pct,college_efg_pct,college_ftr,college_fg3a_rate,college_fg3_pct,college_ft_pct,college_fg_pct,college_mpg,pts_per_40,ast_per_40,years_in_college,college_usg_pct_fold_expected,college_usg_pct_fold_vs_expected,college_ast_pct_fold_expected,college_ast_pct_fold_vs_expected,college_tov_pct_fold_expected,college_tov_pct_fold_vs_expected,college_ftr_fold_expected,college_ftr_fold_vs_expected,college_fg3a_rate_fold_expected,college_fg3a_rate_fold_vs_expected,college_ast_pct_usage_fold_expected,college_ast_pct_usage_fold_adjusted,college_tov_pct_usage_fold_expected,college_tov_pct_usage_fold_adjusted,college_ftr_usage_fold_expected,college_ftr_usage_fold_adjusted,college_fg3a_rate_usage_fold_expected,college_fg3a_rate_usage_fold_adjusted,final_ast_pct_season_fold_residual,final_tov_pct_season_fold_residual,final_ts_pct_season_fold_residual,final_ftr_season_fold_residual,fresh_ast_pct_season_fold_residual,fresh_tov_pct_season_fold_residual,fresh_ts_pct_season_fold_residual,fresh_ftr_season_fold_residual,avg_ast_pct_season_fold_residual,avg_tov_pct_season_fold_residual,avg_ts_pct_season_fold_residual,avg_ftr_season_fold_residual,max_ast_pct_season_fold_residual,max_tov_pct_season_fold_residual,max_ts_pct_season_fold_residual,max_ftr_season_fold_residual,traj_ast_pct_season_fold_residual,traj_tov_pct_season_fold_residual,traj_ts_pct_season_fold_residual,traj_ftr_season_fold_residual,wavg_ast_pct_season_fold_residual,wavg_tov_pct_season_fold_residual,wavg_ts_pct_season_fold_residual,wavg_ftr_season_fold_residual",,,,,,UNSCORED_MISSING_DATA
1631218,Trayce Jackson-Davis,2023,57,Indiana,rim_runner,wing,0.0,False,False,0,,,,0,False,False,80.25,240.4,85.0,4.75,UNSCORED,trained_through_2021_post_2021_projection,clean_adjusted_internal_two_stage,2021,True,,0.22487113194255193,0.6167511294516704,0.15837773860577764,0.7751288680574481,1.0,ROT+
1641706,Brandon Miller,2023,2,Alabama,secondary_creator,forward_big,0.0,False,False,0,,,,0,False,False,81.0,200.0,83.0,2.0,UNSCORED,trained_through_2021_post_2021_projection,clean_adjusted_internal_two_stage,2021,True,,0.42422254067807663,0.42461105202050176,0.15116640730142158,0.5757774593219234,0.0,OUT
1641721,Maxwell Lewis,2023,40,Pepperdine,secondary_creator,wing,0.0,False,False,0,,,,0,False,False,78.25,207.2,84.0,5.75,UNSCORED,trained_through_2021_post_2021_projection,clean_adjusted_internal_two_stage,2021,True,,0.5245382823354892,0.33142344363669035,0.1440382740278205,0.47546171766451084,0.0,OUT
1641726,Dereck Lively II,2023,12,Duke,rim_runner,center,0.0,False,False,0,,,,0,False,False,85,230.0,91.0,7.0,UNSCORED,trained_through_2021_post_2021_projection,clean_adjusted_internal_two_stage,2021,True,,0.5951053290584984,0.3460369235704485,0.058857747371053044,0.40489467094150156,0.0,OUT
1631170,Jaime Jaquez Jr.,2023,18,California-Los Angeles,role_player,wing,0.0,False,False,0,,,,0,False,False,78.0,226.4,81.5,3.5,UNSCORED,trained_through_2021_post_2021_projection,clean_adjusted_internal_two_stage,2021,True,,0.4478112099590368,0.4991560388473887,0.05303275119357453,0.5521887900409632,0.0,OUT
1641717,Cason Wallace,2023,10,Kentucky,secondary_creator,small_guard,0.0,False,False,0,,,,0,False,False,74.5,195.2,80.5,6.0,UNSCORED,trained_through_2021_post_2021_projection,clean_adjusted_internal_two_stage,2021,True,,0.5657024972003711,0.38324943761525543,0.051048065184373395,0.4342975027996288,0.0,OUT
1641707,Taylor Hendricks,2023,9,Central Florida,stretch_big,wing,0.0,False,False,0,,,,0,False,False,80.25,213.6,84.5,4.25,UNSCORED,trained_through_2021_post_2021_projection,clean_adjusted_internal_two_stage,2021,True,,0.8488042090499781,0.10843164508041783,0.04276414586960406,0.1511957909500219,0.0,OUT
1641710,Anthony Black,2023,6,Arkansas,secondary_creator,guard,0.0,False,False,0,,,,0,False,False,77.75,210.0,79.5,1.75,UNSCORED,trained_through_2021_post_2021_projection,clean_adjusted_internal_two_stage,2021,True,,0.5807480390874726,0.3793768123901879,0.039875148522339525,0.4192519609125274,0.0,OUT
1641720,Jalen Hood-Schifino,2023,17,Indiana,secondary_creator,guard,0.0,False,False,0,,,,0,False,False,76.25,216.6,82.25,6.0,UNSCORED,trained_through_2021_post_2021_projection,clean_adjusted_internal_two_stage,2021,True,,0.7534183154186141,0.20718179451817742,0.03939989006320839,0.2465816845813858,0.0,OUT
1631204,Marcus Sasser,2023,25,Houston,offensive_wing,small_guard,0.0,False,False,0,,,,0,False,False,73.25,195.6,79.0,5.75,UNSCORED,trained_through_2021_post_2021_projection,clean_adjusted_internal_two_stage,2021,True,,0.49377351634569455,0.4702224322759439,0.03600405137836153,0.5062264836543054,0.0,OUT
1641711,Gradey Dick,2023,13,Kansas,two_way_wing,wing,0.0,False,False,0,,,,0,False,False,78.25,204.0,80.75,2.5,UNSCORED,trained_through_2021_post_2021_projection,clean_adjusted_internal_two_stage,2021,True,,0.5273875604373209,0.43979309141778344,0.032819348144895656,0.4726124395626791,0.0,OUT
1641732,Colby Jones,2023,34,Xavier,secondary_creator,guard,0.0,False,False,0,,,,0,False,False,76.5,199.2,80.0,3.5,UNSCORED,trained_through_2021_post_2021_projection,clean_adjusted_internal_two_stage,2021,True,,0.7661906843306638,0.20261025604211116,0.03119905962722499,0.23380931566933616,0.0,OUT
1641764,Brandin Podziemski,2023,19,Santa Clara,secondary_creator,guard,0.0,False,False,0,,,,0,False,False,75.75,203.8,77.5,1.75,UNSCORED,trained_through_2021_post_2021_projection,clean_adjusted_internal_two_stage,2021,True,,0.6939486525352665,0.27677027332514686,0.029281074139586704,0.30605134746473356,0.0,OUT
1641735,Amari Bailey,2023,41,California-Los Angeles,secondary_creator,guard,0.0,False,False,0,,,,0,False,False,75.25,190.8,79.0,3.75,UNSCORED,trained_through_2021_post_2021_projection,clean_adjusted_internal_two_stage,2021,True,,0.8372052665023325,0.13526027641894747,0.027534457078720008,0.1627947334976675,0.0,OUT
1641716,Jarace Walker,2023,8,Houston,rim_protector,wing,0.0,False,False,0,,,,0,False,False,78.5,248.6,86.5,8.0,UNSCORED,trained_through_2021_post_2021_projection,clean_adjusted_internal_two_stage,2021,True,,0.6824724167413694,0.29123964167117256,0.026287941587458074,0.3175275832586306,0.0,OUT
1641767,Ben Sheppard,2023,26,Belmont,two_way_wing,guard,0.0,False,False,0,,,,0,False,False,77.25,194.6,79.75,2.5,UNSCORED,trained_through_2021_post_2021_projection,clean_adjusted_internal_two_stage,2021,True,,0.7339472016646874,0.23978592635939314,0.02626687197591953,0.26605279833531265,0.0,OUT
1641723,Kobe Bufkin,2023,15,Michigan,offensive_wing,guard,0.0,False,False,0,,,,0,False,False,76.25,186.8,79.75,3.5,UNSCORED,trained_through_2021_post_2021_projection,clean_adjusted_internal_two_stage,2021,True,,0.822994887960471,0.1530621143959422,0.023942997643586802,0.177005112039529,0.0,OUT
1641740,Jaylen Clark,2023,53,California-Los Angeles,two_way_wing,guard,0.0,False,False,0,,,,0,False,False,76.0,204.2,81.0,5.0,UNSCORED,trained_through_2021_post_2021_projection,clean_adjusted_internal_two_stage,2021,True,,0.4805636487011995,0.49782837257663204,0.02160797872216849,0.5194363512988005,0.0,OUT
1631243,Mouhamed Gueye,2023,39,Washington State,rim_runner,forward_big,0.0,False,False,0,,,,0,False,False,82.25,212.6,87.25,5.0,UNSCORED,trained_through_2021_post_2021_projection,clean_adjusted_internal_two_stage,2021,True,,0.581146947315512,0.3977653028191733,0.021087749865314715,0.418853052684488,0.0,OUT
1641733,Nick Smith Jr.,2023,27,Arkansas,secondary_creator,guard,0.0,False,False,0,,,,0,False,False,77.0,185.0,81.0,4.0,UNSCORED,trained_through_2021_post_2021_projection,clean_adjusted_internal_two_stage,2021,True,,0.7289035277812674,0.2503716641412945,0.02072480807743803,0.27109647221873256,0.0,OUT
1641748,Andre Jackson Jr.,2023,36,Connecticut,secondary_creator,guard,0.0,False,False,0,,,,0,False,False,77.5,198.4,81.75,4.25,UNSCORED,trained_through_2021_post_2021_projection,clean_adjusted_internal_two_stage,2021,True,,0.7600215148925986,0.2192709132347055,0.02070757187269588,0.23997848510740136,0.0,OUT
1641718,Keyonte George,2023,16,Baylor,secondary_creator,guard,0.0,False,False,0,,,,0,False,False,76.0,185.0,77.0,1.0,UNSCORED,trained_through_2021_post_2021_projection,clean_adjusted_internal_two_stage,2021,True,,0.7718007672666826,0.20774351411624872,0.020455718617068703,0.22819923273331744,0.0,OUT
1641757,Jordan Miller,2023,48,Miami (FL),offensive_wing,guard,0.0,False,False,0,,,,0,False,False,76.5,191.6,83.75,7.25,UNSCORED,trained_through_2021_post_2021_projection,clean_adjusted_internal_two_stage,2021,True,,0.6605037596849299,0.3191972393224055,0.020299000992664518,0.33949624031507003,0.0,OUT
1629618,Jalen Pickett,2023,32,Penn State,primary_creator,small_guard,0.0,False,False,0,,,,0,False,False,74.0,197.8,79.25,5.25,UNSCORED,trained_through_2021_post_2021_projection,clean_adjusted_internal_two_stage,2021,True,,0.9000949247589308,0.08072805162038811,0.01917702362068111,0.09990507524106922,0.0,OUT
1641724,Jett Howard,2023,11,Michigan,two_way_wing,wing,0.0,False,False,0,,,,0,False,False,80.0,215.0,81.0,1.0,UNSCORED,trained_through_2021_post_2021_projection,clean_adjusted_internal_two_stage,2021,True,,0.6479727324270226,0.3328957422196794,0.019131525353298044,0.3520272675729774,0.0,OUT
1641727,Dariq Whitehead,2023,22,Duke,offensive_wing,guard,0.0,False,False,0,,,,0,False,False,77.75,217.2,82.25,4.5,UNSCORED,trained_through_2021_post_2021_projection,clean_adjusted_internal_two_stage,2021,True,,0.7874906611627579,0.19462019001538253,0.017889148821859595,0.21250933883724213,0.0,OUT
1631200,Kris Murray,2023,23,Iowa,stretch_big,wing,0.0,False,False,0,,,,0,False,False,79.75,212.8,83.75,4.0,UNSCORED,trained_through_2021_post_2021_projection,clean_adjusted_internal_two_stage,2021,True,,0.7403295372416597,0.24265442895224268,0.01701603380609767,0.2596704627583403,0.0,OUT
1631124,Julian Strawther,2023,29,Gonzaga,offensive_wing,wing,0.0,False,False,0,,,,0,False,False,78.0,208.8,81.25,3.25,UNSCORED,trained_through_2021_post_2021_projection,clean_adjusted_internal_two_stage,2021,True,,0.2799960761606456,0.7031916620728564,0.01681226176649792,0.7200039238393544,1.0,ROT+
1641771,Jalen Slawson,2023,54,Furman,playmaking_forward,wing,0.0,False,False,0,,,,0,False,False,78.5,221.6,83.75,5.25,UNSCORED,trained_through_2021_post_2021_projection,clean_adjusted_internal_two_stage,2021,True,,0.5361938803026104,0.4472812501748908,0.016524869522498927,0.4638061196973897,0.0,OUT
1641739,Toumani Camara,2023,52,Dayton,rim_runner,wing,0.0,False,False,0,,,,0,False,False,79.0,220.4,84.5,5.5,UNSCORED,trained_through_2021_post_2021_projection,clean_adjusted_internal_two_stage,2021,True,,0.7062680380085449,0.2775642649695144,0.016167697021940708,0.2937319619914551,0.0,OUT
1641738,Kobe Brown,2023,30,Missouri,stretch_big,wing,0.0,False,False,0,,,,0,False,False,78.5,252.2,84.75,6.25,UNSCORED,trained_through_2021_post_2021_projection,clean_adjusted_internal_two_stage,2021,True,,0.7586464909585701,0.22519623638021913,0.016157272661210843,0.24135350904142996,0.0,OUT
1641775,Jordan Walsh,2023,38,Arkansas,offensive_wing,guard,0.0,False,False,0,,,,0,False,False,77.75,204.0,85.75,8.0,UNSCORED,trained_through_2021_post_2021_projection,clean_adjusted_internal_two_stage,2021,True,,0.8207628219126811,0.16332960692986043,0.015907571157458483,0.1792371780873189,0.0,OUT
1641715,Cam Whitmore,2023,20,Villanova,offensive_wing,guard,0.0,False,False,0,,,,0,False,False,77.75,235.0,80.5,2.75,UNSCORED,trained_through_2021_post_2021_projection,clean_adjusted_internal_two_stage,2021,True,,0.7190705212308663,0.26516109778006974,0.015768380989063864,0.2809294787691336,0.0,OUT
1641765,Olivier-Maxence Prosper,2023,24,Marquette,stretch_big,wing,0.0,False,False,0,,,,0,False,False,78.75,212.4,85.0,6.25,UNSCORED,trained_through_2021_post_2021_projection,clean_adjusted_internal_two_stage,2021,True,,0.6572643218689678,0.3275107361385753,0.015224941992456893,0.3427356781310322,0.0,OUT
1641730,Noah Clowney,2023,21,Alabama,stretch_big,forward_big,0.0,False,False,0,,,,0,False,False,82.0,210.0,86.0,4.0,UNSCORED,trained_through_2021_post_2021_projection,clean_adjusted_internal_two_stage,2021,True,,0.6819134107597886,0.30325190286313086,0.014834686377080589,0.31808658924021144,0.0,OUT
1641763,Julian Phillips,2023,35,Tennessee,offensive_wing,wing,0.0,False,False,0,,,,0,False,False,78.75,196.6,83.5,4.75,UNSCORED,trained_through_2021_post_2021_projection,clean_adjusted_internal_two_stage,2021,True,,0.769236176423583,0.21645040976829855,0.014313413808118423,0.23076382357641698,0.0,OUT
1641753,Chris Livingston,2023,58,Kentucky,offensive_wing,wing,0.0,False,False,0,,,,0,False,False,78.0,219.2,83.25,5.25,UNSCORED,trained_through_2021_post_2021_projection,clean_adjusted_internal_two_stage,2021,True,,0.7775197602839394,0.20832699063084242,0.01415324908521814,0.22248023971606057,0.0,OUT
1641749,Keyontae Johnson,2023,50,Kansas State,offensive_wing,guard,0.0,False,False,0,,,,0,False,False,76.0,238.6,84.0,8.0,UNSCORED,trained_through_2021_post_2021_projection,clean_adjusted_internal_two_stage,2021,True,,0.7868693106989143,0.19914740191606617,0.013983287385019513,0.2131306893010857,0.0,OUT
1641734,Emoni Bates,2023,49,Eastern Michigan,offensive_wing,wing,0.0,False,False,0,,,,0,False,False,80.25,179.2,81.0,0.75,UNSCORED,trained_through_2021_post_2021_projection,clean_adjusted_internal_two_stage,2021,True,,0.8954551189069575,0.09389568747454713,0.010649193618495362,0.1045448810930425,0.0,OUT
1641713,GG Jackson,2023,45,South Carolina,stretch_big,wing,0.0,False,False,0,,,,0,False,False,80.25,214.4,83.5,3.25,UNSCORED,trained_through_2021_post_2021_projection,clean_adjusted_internal_two_stage,2021,True,,0.8896661012090177,0.10147160587210492,0.00886229291887744,0.11033389879098236,0.0,OUT
1631209,Isaiah Wong,2023,55,Miami (FL),secondary_creator,small_guard,0.0,False,False,0,,,,0,False,False,74.5,178.4,78.75,4.25,UNSCORED,trained_through_2021_post_2021_projection,clean_adjusted_internal_two_stage,2021,True,,0.9060694451130893,0.08980502368114904,0.004125531205761624,0.09393055488691066,0.0,OUT
1641722,Jordan Hawkins,2023,14,Connecticut,offensive_wing,guard,0.0,False,False,0,,,,0,False,False,76.25,186.0,78.75,2.5,UNSCORED,trained_through_2021_post_2021_projection,clean_adjusted_internal_two_stage,2021,True,,0.7937359486240536,0.20240008555015304,0.003863965825793341,0.2062640513759464,0.0,OUT
1641754,Seth Lundy,2023,46,Penn State,offensive_wing,guard,0.0,False,False,0,,,,0,False,False,76.0,214.4,82.25,6.25,UNSCORED,trained_through_2021_post_2021_projection,clean_adjusted_internal_two_stage,2021,True,,0.7714189894237139,0.22480169668760952,0.003779313888676561,0.22858101057628608,0.0,OUT
1641816,Hunter Tyson,2023,37,Clemson,offensive_wing,wing,0.0,False,False,0,,,,0,False,False,80.0,215.0,81.75,1.75,UNSCORED,trained_through_2021_post_2021_projection,clean_adjusted_internal_two_stage,2021,True,,0.8355713069388322,0.16110334875101293,0.003325344310154846,0.16442869306116778,0.0,OUT
1630592,Jalen Wilson,2023,51,Kansas,secondary_creator,guard,0.0,False,False,0,,,,0,False,False,77.5,230.2,80.0,2.5,UNSCORED,trained_through_2021_post_2021_projection,clean_adjusted_internal_two_stage,2021,True,,0.981362706993031,0.017798670733220612,0.0008386222737484212,0.018637293006969032,0.0,OUT
1641729,Brice Sensabaugh,2023,28,Ohio State,offensive_wing,wing,0.0,False,False,0,,,,0,False,False,78.0,235.0,,,UNSCORED,trained_through_2021_post_2021_projection,clean_adjusted_internal_two_stage,2021,False,"wingspan,wingspan_height_diff",,,,,,UNSCORED_MISSING_DATA
1641744,Zach Edey,2024,9,Purdue,rim_runner,center,0.0,False,False,0,,,,0,False,False,87.75,299.0,94.75,10.75,UNSCORED,trained_through_2021_post_2021_projection,clean_adjusted_internal_two_stage,2021,True,,0.3956904426732919,0.46677266181284593,0.1375368955138622,0.6043095573267081,0.0,OUT
1642263,Reed Sheppard,2024,3,Kentucky,secondary_creator,small_guard,0.0,False,False,0,,,,0,False,False,73.75,181.6,75.25,1.5,UNSCORED,trained_through_2021_post_2021_projection,clean_adjusted_internal_two_stage,2021,True,,0.23773844957646162,0.6458312793592055,0.11643027106433293,0.7622615504235384,1.0,ROT+
1642265,Rob Dillingham,2024,8,Kentucky,secondary_creator,small_guard,0.0,False,False,0,,,,0,False,False,73.0,164.2,75.0,2.0,UNSCORED,trained_through_2021_post_2021_projection,clean_adjusted_internal_two_stage,2021,True,,0.6378455591172207,0.26329488949467184,0.09885955138810741,0.36215444088277926,0.0,OUT
1642272,Jared McCain,2024,16,Duke,offensive_wing,small_guard,0.0,False,False,0,,,,0,False,False,74.0,203.2,75.5,1.5,UNSCORED,trained_through_2021_post_2021_projection,clean_adjusted_internal_two_stage,2021,True,,0.2968142542945754,0.6328781146016946,0.07030763110372995,0.7031857457054246,1.0,ROT+
1642285,Cam Spencer,2024,53,Connecticut,secondary_creator,guard,0.0,False,False,0,,,,0,False,False,75.0,201.8,77.0,2.0,UNSCORED,trained_through_2021_post_2021_projection,clean_adjusted_internal_two_stage,2021,True,,0.2990080625239401,0.6395316150659938,0.06146032241006615,0.7009919374760599,1.0,ROT+
1641747,DaRon Holmes II,2024,22,Dayton,rim_runner,wing,0.0,False,False,0,,,,0,False,False,80.75,236.2,85.0,4.25,UNSCORED,trained_through_2021_post_2021_projection,clean_adjusted_internal_two_stage,2021,True,,0.4117845303360751,0.5280587614099237,0.0601567082540012,0.5882154696639249,0.0,OUT
1642367,Jonathan Mogbo,2024,31,San Francisco,rim_runner,wing,0.0,False,False,0,,,,0,False,False,78.25,217.2,86.0,7.75,UNSCORED,trained_through_2021_post_2021_projection,clean_adjusted_internal_two_stage,2021,True,,0.5451314629623107,0.3947147618178317,0.06015377521985755,0.45486853703768926,0.0,OUT
1641794,Dillon Jones,2024,26,Weber State,secondary_creator,guard,0.0,False,False,0,,,,0,False,False,76.5,236.8,83.0,6.5,UNSCORED,trained_through_2021_post_2021_projection,clean_adjusted_internal_two_stage,2021,True,,0.5981624972420791,0.34368312713174437,0.058154375626176535,0.4018375027579209,0.0,OUT
1642278,Tyler Kolek,2024,34,Marquette,secondary_creator,small_guard,0.0,False,False,0,,,,0,False,False,73.25,196.6,74.75,1.5,UNSCORED,trained_through_2021_post_2021_projection,clean_adjusted_internal_two_stage,2021,True,,0.3169711314165861,0.6308993207501745,0.05212954783323937,0.6830288685834139,1.0,ROT+
1642273,Kyshawn George,2024,24,Miami (FL),offensive_wing,wing,0.0,False,False,0,,,,0,False,False,79.0,208.8,82.25,3.25,UNSCORED,trained_through_2021_post_2021_projection,clean_adjusted_internal_two_stage,2021,True,,0.5140511866930653,0.4371589156376185,0.04878989766931626,0.48594881330693473,0.0,OUT
1642270,Donovan Clingan,2024,7,Connecticut,rim_runner,center,0.0,False,False,0,,,,0,False,False,85.75,282.0,90.75,6.75,UNSCORED,trained_through_2021_post_2021_projection,clean_adjusted_internal_two_stage,2021,True,,0.500459430919616,0.45755151860886273,0.0419890504715213,0.499540569080384,0.0,OUT
1641817,Anton Watson,2024,54,Gonzaga,two_way_wing,wing,0.0,False,False,0,,,,0,False,False,80.0,225.0,84.0,4.0,UNSCORED,trained_through_2021_post_2021_projection,clean_adjusted_internal_two_stage,2021,True,,0.6014191184635429,0.3624924597780609,0.036088421758396244,0.3985808815364571,0.0,OUT
1642268,Isaiah Collier,2024,29,Southern California,primary_creator,small_guard,0.0,False,False,0,,,,0,False,False,74.5,204.6,76.75,2.25,UNSCORED,trained_through_2021_post_2021_projection,clean_adjusted_internal_two_stage,2021,True,,0.8465928444850467,0.11856661105473956,0.03484054446021373,0.1534071555149533,0.0,OUT
1642353,Cam Christie,2024,46,Minnesota,offensive_wing,guard,0.0,False,False,0,,,,0,False,False,76.5,190.4,80.0,3.5,UNSCORED,trained_through_2021_post_2021_projection,clean_adjusted_internal_two_stage,2021,True,,0.5126022181862313,0.45358694745179695,0.03381083436197181,0.48739778181376875,0.0,OUT
1642262,Cody Williams,2024,10,Colorado,offensive_wing,wing,0.0,False,False,0,,,,0,False,False,78.5,178.4,85.0,6.5,UNSCORED,trained_through_2021_post_2021_projection,clean_adjusted_internal_two_stage,2021,True,,0.7682341909572911,0.19931895619261517,0.032446852850093744,0.2317658090427089,0.0,OUT
1642345,Oso Ighodaro,2024,40,Marquette,rim_runner,forward_big,0.0,False,False,0,,,,0,False,False,81.5,222.0,83.0,1.5,UNSCORED,trained_through_2021_post_2021_projection,clean_adjusted_internal_two_stage,2021,True,,0.8234290576688846,0.14471297783516301,0.03185796449595231,0.1765709423311153,0.0,OUT
1641796,Pelle Larsson,2024,44,Arizona,offensive_wing,guard,0.0,False,False,0,,,,0,False,False,77.25,212.4,79.5,2.25,UNSCORED,trained_through_2021_post_2021_projection,clean_adjusted_internal_two_stage,2021,True,,0.7009544948926896,0.2674212308272363,0.031624274280074104,0.29904550510731037,0.0,OUT
1642349,Ajay Mitchell,2024,38,California-Santa Barbara,secondary_creator,guard,0.0,False,False,0,,,,0,False,False,75.25,197.0,78.25,3.0,UNSCORED,trained_through_2021_post_2021_projection,clean_adjusted_internal_two_stage,2021,True,,0.8053486472765871,0.1646585768363685,0.029992775887044458,0.19465135272341297,0.0,OUT
1642346,Ryan Dunn,2024,28,Virginia,rim_runner,wing,0.0,False,False,0,,,,0,False,False,78.25,213.6,85.5,7.25,UNSCORED,trained_through_2021_post_2021_projection,clean_adjusted_internal_two_stage,2021,True,,0.5400298921323423,0.43178002551093075,0.02819008235672701,0.45997010786765774,0.0,OUT
1641737,Adem Bona,2024,41,California-Los Angeles,rim_runner,wing,0.0,False,False,0,,,,0,False,False,80.25,243.2,87.75,7.5,UNSCORED,trained_through_2021_post_2021_projection,clean_adjusted_internal_two_stage,2021,True,,0.7908923930668205,0.18116836562032548,0.02793924131285405,0.20910760693317954,0.0,OUT
1631248,Baylor Scheierman,2024,30,Creighton,secondary_creator,wing,0.0,False,False,0,,,,0,False,False,78.25,201.6,80.25,2.0,UNSCORED,trained_through_2021_post_2021_projection,clean_adjusted_internal_two_stage,2021,True,,0.6750592205071833,0.2971365859404675,0.027804193552349275,0.32494077949281674,0.0,OUT
1641783,Tristan da Silva,2024,18,Colorado,stretch_big,wing,0.0,False,False,0,,,,0,False,False,80.25,216.8,82.25,2.0,UNSCORED,trained_through_2021_post_2021_projection,clean_adjusted_internal_two_stage,2021,True,,0.7783153043501781,0.19591393031049345,0.025770765339328438,0.22168469564982188,0.0,OUT
1642271,Kyle Filipowski,2024,32,Duke,rim_runner,forward_big,0.0,False,False,0,,,,0,False,False,82.75,229.8,82.5,-0.25,UNSCORED,trained_through_2021_post_2021_projection,clean_adjusted_internal_two_stage,2021,True,,0.7204705480768177,0.25531075574940004,0.02421869617378234,0.2795294519231824,0.0,OUT
1642274,Yves Missi,2024,21,Baylor,rim_runner,forward_big,0.0,False,False,0,,,,0,False,False,82.75,229.4,86.0,3.25,UNSCORED,trained_through_2021_post_2021_projection,clean_adjusted_internal_two_stage,2021,True,,0.5507096310011257,0.425916460166123,0.023373908832751342,0.44929036899887437,0.0,OUT
1642266,Ja'Kobe Walter,2024,19,Baylor,two_way_wing,guard,0.0,False,False,0,,,,0,False,False,76.25,197.6,82.0,5.75,UNSCORED,trained_through_2021_post_2021_projection,clean_adjusted_internal_two_stage,2021,True,,0.47387521331557647,0.5046160296609797,0.021508757023443806,0.5261247866844235,0.0,OUT
1642267,Bub Carrington,2024,14,Pittsburgh,secondary_creator,guard,0.0,False,False,0,,,,0,False,False,75.75,194.8,80.0,4.25,UNSCORED,trained_through_2021_post_2021_projection,clean_adjusted_internal_two_stage,2021,True,,0.837402280004767,0.14422357954568582,0.018374140449547195,0.162597719995233,0.0,OUT
1642277,Johnny Furphy,2024,35,Kansas,offensive_wing,wing,0.0,False,False,0,,,,0,False,False,79.5,188.8,80.0,0.5,UNSCORED,trained_through_2021_post_2021_projection,clean_adjusted_internal_two_stage,2021,True,,0.4605189168267372,0.5211531843562018,0.01832789881706096,0.5394810831732628,0.0,OUT
1642276,Kel'el Ware,2024,15,Indiana,rim_runner,forward_big,0.0,False,False,0,,,,0,False,False,83.75,230.0,88.5,4.75,UNSCORED,trained_through_2021_post_2021_projection,clean_adjusted_internal_two_stage,2021,True,,0.7468874130384113,0.23552142195441705,0.017591165007171672,0.2531125869615887,0.0,OUT
1642354,KJ Simpson,2024,42,Colorado,secondary_creator,small_guard,0.0,False,False,0,,,,0,False,False,72.25,187.0,76.5,4.25,UNSCORED,trained_through_2021_post_2021_projection,clean_adjusted_internal_two_stage,2021,True,,0.8259308716984389,0.1568956999479527,0.017173428353608376,0.17406912830156107,0.0,OUT
1642264,Stephon Castle,2024,4,Connecticut,secondary_creator,guard,0.0,False,False,0,,,,0,False,False,77.5,210.0,81.0,3.5,UNSCORED,trained_through_2021_post_2021_projection,clean_adjusted_internal_two_stage,2021,True,,0.8592050907448301,0.12499123836249627,0.015803670892673635,0.1407949092551699,0.0,OUT
1642366,Quinten Post,2024,52,Boston College,rim_runner,center,0.0,False,False,0,,,,0,False,False,84.0,244.4,86.5,2.5,UNSCORED,trained_through_2021_post_2021_projection,clean_adjusted_internal_two_stage,2021,True,,0.8649539698223611,0.11952047171156696,0.01552555846607196,0.13504603017763891,0.0,OUT
1641810,Antonio Reeves,2024,47,Kentucky,two_way_wing,guard,0.0,False,False,0,,,,0,False,False,76.5,186.6,80.25,3.75,UNSCORED,trained_through_2021_post_2021_projection,clean_adjusted_internal_two_stage,2021,True,,0.8006021710475514,0.1852370465304106,0.014160782422038056,0.19939782895244865,0.0,OUT
1641803,Tristen Newton,2024,49,Connecticut,secondary_creator,guard,0.0,False,False,0,,,,0,False,False,75.25,191.8,78.75,3.5,UNSCORED,trained_through_2021_post_2021_projection,clean_adjusted_internal_two_stage,2021,True,,0.7334181120261634,0.2526341695089512,0.013947718464885484,0.26658188797383664,0.0,OUT
1641755,Kevin McCullar Jr.,2024,56,Kansas,offensive_wing,guard,0.0,False,False,0,,,,0,False,False,77.25,205.8,81.0,3.75,UNSCORED,trained_through_2021_post_2021_projection,clean_adjusted_internal_two_stage,2021,True,,0.6656482625830322,0.3204886072550773,0.01386313016189052,0.3343517374169678,0.0,OUT
1642402,Enrique Freeman,2024,50,Akron,rim_runner,wing,0.0,False,False,0,,,,0,False,False,79.25,212.0,86.0,6.75,UNSCORED,trained_through_2021_post_2021_projection,clean_adjusted_internal_two_stage,2021,True,,0.46022106403526564,0.5275209108897284,0.01225802507500597,0.5397789359647344,0.0,OUT
1630545,Terrence Shannon Jr.,2024,27,Illinois,secondary_creator,guard,0.0,False,False,0,,,,0,False,False,77.75,219.4,80.75,3.0,UNSCORED,trained_through_2021_post_2021_projection,clean_adjusted_internal_two_stage,2021,True,,0.6754520340105449,0.31256980136402845,0.011978164625426778,0.32454796598945523,0.0,OUT
1642281,Jaylon Tyson,2024,20,California,secondary_creator,guard,0.0,False,False,0,,,,0,False,False,77.5,218.2,80.0,2.5,UNSCORED,trained_through_2021_post_2021_projection,clean_adjusted_internal_two_stage,2021,True,,0.8860614193258917,0.10255797120152065,0.011380609472587679,0.11393858067410832,0.0,OUT
1631127,Harrison Ingram,2024,48,North Carolina,secondary_creator,guard,0.0,False,False,0,,,,0,False,False,77.25,233.6,84.25,7.0,UNSCORED,trained_through_2021_post_2021_projection,clean_adjusted_internal_two_stage,2021,True,,0.8819907219119392,0.10710571546758074,0.010903562620480048,0.11800927808806079,0.0,OUT
1642269,Devin Carter,2024,13,Providence,secondary_creator,small_guard,0.0,False,False,0,,,,0,False,False,74.25,193.0,80.75,6.5,UNSCORED,trained_through_2021_post_2021_projection,clean_adjusted_internal_two_stage,2021,True,,0.7534761377513238,0.23696100325587438,0.009562858992801812,0.2465238622486762,0.0,OUT
1642261,Dalton Knecht,2024,17,Tennessee,offensive_wing,guard,0.0,False,False,0,,,,0,False,False,77.25,212.2,81.0,3.75,UNSCORED,trained_through_2021_post_2021_projection,clean_adjusted_internal_two_stage,2021,True,,0.8888794758796951,0.10782534079374848,0.0032951833265565007,0.11112052412030497,0.0,OUT
1642377,Jaylen Wells,2024,39,Washington State,two_way_wing,wing,0.0,False,False,0,,,,0,False,False,78.5,206.2,79.25,0.75,UNSCORED,trained_through_2021_post_2021_projection,clean_adjusted_internal_two_stage,2021,True,,0.8518939951071152,0.14556918343926922,0.0025368214536156133,0.14810600489288483,0.0,OUT
1642347,Jamal Shead,2024,45,Houston,secondary_creator,small_guard,0.0,False,False,0,,,,0,False,False,72.25,200.8,75.0,2.75,UNSCORED,trained_through_2021_post_2021_projection,clean_adjusted_internal_two_stage,2021,True,,0.8126409113273373,0.18735908767266282,1.0000000000000003e-09,0.18735908867266282,0.0,OUT
1642355,Bronny James,2024,55,Southern California,secondary_creator,small_guard,0.0,False,False,0,,,,0,False,False,73.5,210.4,79.25,5.75,UNSCORED,trained_through_2021_post_2021_projection,clean_adjusted_internal_two_stage,2021,True,,0.9222259870432938,0.07777401195670619,1.0000000000000003e-09,0.07777401295670619,0.0,OUT
1642848,Tre Johnson,2025,6,Texas,secondary_creator,guard,0.0,False,False,0,,,,0,False,False,76.75,190.4,82.25,5.5,UNSCORED,trained_through_2021_post_2021_projection,clean_adjusted_internal_two_stage,2021,True,,0.39568772694419807,0.45920333060856566,0.1451089424472363,0.6043122730558019,0.0,OUT
1642843,Cooper Flagg,2025,1,Duke,secondary_creator,wing,0.0,False,False,0,,,,0,False,False,79.75,221.0,84.0,4.25,UNSCORED,trained_through_2021_post_2021_projection,clean_adjusted_internal_two_stage,2021,True,,0.3491656973064936,0.5222974875497499,0.12853681514375648,0.6508343026935064,1.0,ROT+
1642844,Dylan Harper,2025,2,Rutgers,secondary_creator,guard,0.0,False,False,0,,,,0,False,False,76.5,213.2,82.5,6.0,UNSCORED,trained_through_2021_post_2021_projection,clean_adjusted_internal_two_stage,2021,True,,0.4878031107875176,0.40593177081028364,0.10626511840219878,0.5121968892124824,0.0,OUT
1642857,Kasparas Jakučionis,2025,20,Illinois,secondary_creator,guard,0.0,False,False,0,,,,0,False,False,76.75,205.2,79.75,3.0,UNSCORED,trained_through_2021_post_2021_projection,clean_adjusted_internal_two_stage,2021,True,,0.5532312314755072,0.36919703081737676,0.07757173770711606,0.4467687685244928,0.0,OUT
1642850,Thomas Sorber,2025,15,Georgetown,rim_runner,forward_big,0.0,False,False,0,,,,0,False,False,81.25,262.8,90.0,8.75,UNSCORED,trained_through_2021_post_2021_projection,clean_adjusted_internal_two_stage,2021,True,,0.5513866635389959,0.37326788285668766,0.07534545360431648,0.44861333646100415,0.0,OUT
1642867,Collin Murray-Boyles,2025,9,South Carolina,secondary_creator,wing,0.0,False,False,0,,,,0,False,False,78.5,239.2,84.75,6.25,UNSCORED,trained_through_2021_post_2021_projection,clean_adjusted_internal_two_stage,2021,True,,0.3824728927168417,0.5469972228384045,0.07052988444475386,0.6175271072831583,0.0,OUT
1642851,Kon Knueppel,2025,4,Duke,two_way_wing,guard,0.0,False,False,0,,,,0,False,False,77.0,219.0,78.25,1.25,UNSCORED,trained_through_2021_post_2021_projection,clean_adjusted_internal_two_stage,2021,True,,0.3832274277599489,0.5469492271249621,0.06982334511508898,0.616772572240051,0.0,OUT
1642863,Khaman Maluach,2025,10,Duke,rim_runner,center,0.0,False,False,0,,,,0,False,False,84.75,252.8,90.75,6.75,UNSCORED,trained_through_2021_post_2021_projection,clean_adjusted_internal_two_stage,2021,True,,0.692505577256517,0.24185443114039806,0.06563999160308503,0.3074944227434831,0.0,OUT
1642859,Jase Richardson,2025,25,Michigan State,offensive_wing,small_guard,0.0,False,False,0,,,,0,False,False,72.5,178.4,78.0,5.5,UNSCORED,trained_through_2021_post_2021_projection,clean_adjusted_internal_two_stage,2021,True,,0.5671381388723884,0.3764167640102378,0.05644509711737385,0.43286186112761166,0.0,OUT
1642847,Jeremiah Fears,2025,7,Oklahoma,secondary_creator,small_guard,0.0,False,False,0,,,,0,False,False,74.5,179.6,77.25,2.75,UNSCORED,trained_through_2021_post_2021_projection,clean_adjusted_internal_two_stage,2021,True,,0.7130889240399362,0.23714669033346134,0.049764385626602486,0.2869110759600638,0.0,OUT
1642856,Egor Dëmin,2025,8,Brigham Young,secondary_creator,wing,0.0,False,False,0,,,,0,False,False,80.25,199.2,82.25,2.0,UNSCORED,trained_through_2021_post_2021_projection,clean_adjusted_internal_two_stage,2021,True,,0.6214885075591607,0.3296885800767095,0.048822912364129833,0.3785114924408393,0.0,OUT
1642852,Derik Queen,2025,13,Maryland,rim_runner,forward_big,0.0,False,False,0,,,,0,False,False,81.25,247.8,84.5,3.25,UNSCORED,trained_through_2021_post_2021_projection,clean_adjusted_internal_two_stage,2021,True,,0.6915170591414117,0.2635077783379315,0.04497516252065682,0.3084829408585883,0.0,OUT
1642845,VJ Edgecombe,2025,3,Baylor,secondary_creator,guard,0.0,False,False,0,,,,0,False,False,76.0,193.2,79.5,3.5,UNSCORED,trained_through_2021_post_2021_projection,clean_adjusted_internal_two_stage,2021,True,,0.5777851781158152,0.38247529702953803,0.03973952485464683,0.42221482188418485,0.0,OUT
1642383,Walter Clayton Jr.,2025,18,Florida,secondary_creator,small_guard,0.0,False,False,0,,,,0,False,False,74.0,199.0,76.0,2.0,UNSCORED,trained_through_2021_post_2021_projection,clean_adjusted_internal_two_stage,2021,True,,0.5012111015302636,0.4618023573165395,0.036986541153196835,0.49878889846973634,0.0,OUT
1642854,Asa Newell,2025,23,Georgia,offensive_wing,forward_big,0.0,False,False,0,,,,0,False,False,81.0,223.8,83.25,2.25,UNSCORED,trained_through_2021_post_2021_projection,clean_adjusted_internal_two_stage,2021,True,,0.538894262984974,0.4250140200797834,0.03609171693524265,0.46110573701502605,0.0,OUT
1642880,Kam Jones,2025,38,Marquette,secondary_creator,guard,0.0,False,False,0,,,,0,False,False,75.25,202.4,78.0,2.75,UNSCORED,trained_through_2021_post_2021_projection,clean_adjusted_internal_two_stage,2021,True,,0.34688402759982473,0.6173967078660757,0.03571926453409959,0.6531159724001753,1.0,ROT+
1642874,Danny Wolf,2025,27,Michigan,playmaking_forward,forward_big,0.0,False,False,0,,,,0,False,False,82.5,251.8,86.25,3.75,UNSCORED,trained_through_2021_post_2021_projection,clean_adjusted_internal_two_stage,2021,True,,0.40223630816797495,0.5624902822531409,0.03527340957888416,0.597763691832025,0.0,OUT
1642914,Javon Small,2025,48,West Virginia,secondary_creator,small_guard,0.0,False,False,0,,,,0,False,False,73.0,190.0,76.75,3.75,UNSCORED,trained_through_2021_post_2021_projection,clean_adjusted_internal_two_stage,2021,True,,0.638047429023961,0.3297788742675584,0.03217369670848048,0.3619525709760389,0.0,OUT
1642964,Brooks Barnhizer,2025,44,Northwestern,role_player,wing,0.0,False,False,0,,,,0,False,False,78.0,215.0,83.0,5.0,UNSCORED,trained_through_2021_post_2021_projection,clean_adjusted_internal_two_stage,2021,True,,0.6960974726192198,0.2722921849212629,0.031610342459517264,0.30390252738078016,0.0,OUT
1642873,Amari Williams,2025,46,Kentucky,rim_runner,forward_big,0.0,False,False,0,,,,0,False,False,82.0,227.0,89.0,7.0,UNSCORED,trained_through_2021_post_2021_projection,clean_adjusted_internal_two_stage,2021,True,,0.7458503267516473,0.22305456271738278,0.03109511053096992,0.2541496732483527,0.0,OUT
1642404,Chaz Lanier,2025,37,Tennessee,offensive_wing,guard,0.0,False,False,0,,,,0,False,False,75.75,205.8,81.0,5.25,UNSCORED,trained_through_2021_post_2021_projection,clean_adjusted_internal_two_stage,2021,True,,0.4192560244042334,0.5514453070001729,0.02929866859559366,0.5807439755957666,0.0,OUT
1642875,Maxime Raynaud,2025,42,Stanford,playmaking_forward,center,0.0,False,False,0,,,,0,False,False,84.25,236.8,85.25,1.25,UNSCORED,trained_through_2021_post_2021_projection,clean_adjusted_internal_two_stage,2021,True,,0.68231800793823,0.2891961242771327,0.02848586778463732,0.31768199206177,0.0,OUT
1642954,Will Richard,2025,56,Florida,offensive_wing,guard,0.0,False,False,0,,,,0,False,False,77.0,195.0,81.75,4.75,UNSCORED,trained_through_2021_post_2021_projection,clean_adjusted_internal_two_stage,2021,True,,0.5217754256906083,0.45083435015507917,0.02739022415431258,0.47822457430939175,0.0,OUT
1641750,Ryan Kalkbrenner,2025,34,Creighton,rim_runner,center,0.0,False,False,0,,,,0,False,False,85.0,257.4,90.0,6.0,UNSCORED,trained_through_2021_post_2021_projection,clean_adjusted_internal_two_stage,2021,True,,0.6669256201822753,0.3062397240891026,0.02683465572862215,0.33307437981772475,0.0,OUT
1641780,Johni Broome,2025,35,Auburn,secondary_creator,forward_big,0.0,False,False,0,,,,0,False,False,81.25,249.4,84.25,3.0,UNSCORED,trained_through_2021_post_2021_projection,clean_adjusted_internal_two_stage,2021,True,,0.32957115483216215,0.6441534046671978,0.026275440500640044,0.6704288451678379,1.0,ROT+
1642878,Tyrese Proctor,2025,49,Duke,secondary_creator,guard,0.0,False,False,0,,,,0,False,False,76.25,183.2,79.25,3.0,UNSCORED,trained_through_2021_post_2021_projection,clean_adjusted_internal_two_stage,2021,True,,0.7261148979403778,0.2499893109622383,0.023895791097383882,0.2738851020596222,0.0,OUT
1642862,Liam McNeeley,2025,29,Connecticut,secondary_creator,wing,0.0,False,False,0,,,,0,False,False,78.75,214.6,80.5,1.75,UNSCORED,trained_through_2021_post_2021_projection,clean_adjusted_internal_two_stage,2021,True,,0.4417690086502627,0.535699209572266,0.022531781777471265,0.5582309913497373,0.0,OUT
1642918,Alijah Martin,2025,39,Florida,offensive_wing,small_guard,0.0,False,False,0,,,,0,False,False,73.5,208.4,79.5,6.0,UNSCORED,trained_through_2021_post_2021_projection,clean_adjusted_internal_two_stage,2021,True,,0.5134656980610004,0.464209157562991,0.022325144376008653,0.48653430193899966,0.0,OUT
1642883,Sion James,2025,33,Duke,offensive_wing,guard,0.0,False,False,0,,,,0,False,False,76.5,217.6,78.5,2.0,UNSCORED,trained_through_2021_post_2021_projection,clean_adjusted_internal_two_stage,2021,True,,0.5778652839744572,0.400791910553876,0.021342805471666813,0.4221347160255428,0.0,OUT
1642910,John Tonje,2025,53,Wisconsin,two_way_wing,guard,0.0,False,False,0,,,,0,False,False,76.75,211.8,81.0,4.25,UNSCORED,trained_through_2021_post_2021_projection,clean_adjusted_internal_two_stage,2021,True,,0.6446850933465751,0.3359173769767179,0.019397529676706958,0.35531490665342486,0.0,OUT
1642962,Drake Powell,2025,22,North Carolina,offensive_wing,guard,0.0,False,False,0,,,,0,False,False,77.25,200.4,84.0,6.75,UNSCORED,trained_through_2021_post_2021_projection,clean_adjusted_internal_two_stage,2021,True,,0.7420906838238552,0.23858749998206774,0.01932181619407697,0.2579093161761447,0.0,OUT
1642907,Cedric Coward,2025,11,Washington State,offensive_wing,guard,0.0,False,False,0,,,,0,False,False,77.25,213.0,86.25,9.0,UNSCORED,trained_through_2021_post_2021_projection,clean_adjusted_internal_two_stage,2021,True,,0.8866720664828364,0.09601892503156917,0.017309008485594503,0.11332793351716366,0.0,OUT
1642868,Carter Bryant,2025,14,Arizona,two_way_wing,wing,0.0,False,False,0,,,,0,False,False,78.5,214.8,83.75,5.25,UNSCORED,trained_through_2021_post_2021_projection,clean_adjusted_internal_two_stage,2021,True,,0.5944252989791099,0.3898731929591418,0.015701508061748356,0.40557470102089016,0.0,OUT
1642886,Koby Brea,2025,41,Kentucky,two_way_wing,guard,0.0,False,False,0,,,,0,False,False,77.75,201.8,77.25,-0.5,UNSCORED,trained_through_2021_post_2021_projection,clean_adjusted_internal_two_stage,2021,True,,0.6244349124814057,0.36036719382051263,0.015197893698081702,0.37556508751859435,0.0,OUT
1642860,Will Riley,2025,21,Illinois,two_way_wing,wing,0.0,False,False,0,,,,0,False,False,80.25,185.6,80.75,0.5,UNSCORED,trained_through_2021_post_2021_projection,clean_adjusted_internal_two_stage,2021,True,,0.6776544137432736,0.307510244419116,0.01483534183761036,0.3223455862567264,0.0,OUT
1642846,Ace Bailey,2025,5,Rutgers,offensive_wing,wing,0.0,False,False,0,,,,0,False,False,79.5,202.8,84.5,5.0,UNSCORED,trained_through_2021_post_2021_projection,clean_adjusted_internal_two_stage,2021,True,,0.7920894118799175,0.1945321301465538,0.013378457973528666,0.20791058812008245,0.0,OUT
1642876,Adou Thiero,2025,36,Arkansas,role_player,wing,0.0,False,False,0,,,,0,False,False,78.25,218.4,84.0,5.75,UNSCORED,trained_through_2021_post_2021_projection,clean_adjusted_internal_two_stage,2021,True,,0.6414122356957688,0.34635667358938277,0.012231090714848496,0.3585877643042313,0.0,OUT
1642917,Max Shulga,2025,57,Virginia Commonwealth,secondary_creator,guard,0.0,False,False,0,,,,0,False,False,76.25,206.4,77.75,1.5,UNSCORED,trained_through_2021_post_2021_projection,clean_adjusted_internal_two_stage,2021,True,,0.8331925132565322,0.15578000618368706,0.011027480559780733,0.1668074867434678,0.0,OUT
1642877,Micah Peavy,2025,40,Georgetown,secondary_creator,wing,0.0,False,False,0,,,,0,False,False,78.25,211.6,79.25,1.0,UNSCORED,trained_through_2021_post_2021_projection,clean_adjusted_internal_two_stage,2021,True,,0.845668146237463,0.14721004269913024,0.0071218110634067855,0.15433185376253702,0.0,OUT
1642853,Rasheer Fleming,2025,31,Saint Joseph's,two_way_wing,wing,0.0,False,False,0,,,,0,False,False,80.25,232.4,89.25,9.0,UNSCORED,trained_through_2021_post_2021_projection,clean_adjusted_internal_two_stage,2021,True,,0.8114252595347857,0.18288375666751958,0.005690983797694551,0.18857474046521414,0.0,OUT
1642949,Yanic Konan Niederhäuser,2025,30,Penn State,rim_runner,forward_big,0.0,False,False,0,,,,0,False,False,83.25,242.6,87.25,4.0,UNSCORED,trained_through_2021_post_2021_projection,clean_adjusted_internal_two_stage,2021,True,,0.8962658209013699,0.0998731690868305,0.0038610100117996366,0.10373417909863014,0.0,OUT
1642364,Jamir Watkins,2025,43,Florida State,secondary_creator,guard,0.0,False,False,0,,,,0,False,False,77.0,214.6,83.25,6.25,UNSCORED,trained_through_2021_post_2021_projection,clean_adjusted_internal_two_stage,2021,True,,0.8833849409886545,0.11277363075118109,0.003841428260164457,0.11661505901134554,0.0,OUT
1643007,Taelon Peter,2025,54,Liberty,two_way_wing,guard,0.0,False,False,0,,,,0,False,False,76.0,185.0,80.0,4.0,UNSCORED,trained_through_2021_post_2021_projection,clean_adjusted_internal_two_stage,2021,True,,0.8956795642773905,0.1010779482602454,0.003242487462364124,0.10432043572260952,0.0,OUT
1642363,Nique Clifford,2025,24,Colorado State,secondary_creator,guard,0.0,False,False,0,,,,0,False,False,77.25,202.0,80.0,2.75,UNSCORED,trained_through_2021_post_2021_projection,clean_adjusted_internal_two_stage,2021,True,,0.9180959526438971,0.07892415633419647,0.0029798910219064004,0.08190404735610288,0.0,OUT
1642920,Kobe Sanders,2025,50,Nevada-Reno,secondary_creator,wing,0.0,False,False,0,,,,0,False,False,79.0,203.2,80.25,1.25,UNSCORED,trained_through_2021_post_2021_projection,clean_adjusted_internal_two_stage,2021,True,,0.9300916454669774,0.06717530835428277,0.0027330461787398548,0.06990835453302263,0.0,OUT
1642942,Jahmai Mashack,2025,59,Tennessee,offensive_wing,guard,0.0,False,False,0,,,,0,False,False,76.0,192.0,79.75,3.75,UNSCORED,trained_through_2021_post_2021_projection,clean_adjusted_internal_two_stage,2021,True,,0.9109842082083617,0.08696880019841427,0.002046991593224053,0.08901579179163832,0.0,OUT
2026001,Cameron Boozer,2026,1,Duke,rim_runner,wing,,,,,,,,,,,80.25,253.0,85.5,5.25,UNSCORED,trained_through_2021_post_2021_projection,clean_adjusted_internal_two_stage,2021,False,"final_ast_pct_season_fold_residual,final_tov_pct_season_fold_residual,final_ts_pct_season_fold_residual,final_ftr_season_fold_residual,fresh_ast_pct_season_fold_residual,fresh_tov_pct_season_fold_residual,fresh_ts_pct_season_fold_residual,fresh_ftr_season_fold_residual,avg_ast_pct_season_fold_residual,avg_tov_pct_season_fold_residual,avg_ts_pct_season_fold_residual,avg_ftr_season_fold_residual,max_ast_pct_season_fold_residual,max_tov_pct_season_fold_residual,max_ts_pct_season_fold_residual,max_ftr_season_fold_residual,traj_ast_pct_season_fold_residual,traj_tov_pct_season_fold_residual,traj_ts_pct_season_fold_residual,traj_ftr_season_fold_residual,wavg_ast_pct_season_fold_residual,wavg_tov_pct_season_fold_residual,wavg_ts_pct_season_fold_residual,wavg_ftr_season_fold_residual",,,,,,UNSCORED_MISSING_DATA
2026002,Darryn Peterson,2026,2,Kansas,secondary_creator,guard,,,,,,,,,,,76.5,199.0,81.75,5.25,UNSCORED,trained_through_2021_post_2021_projection,clean_adjusted_internal_two_stage,2021,False,"final_ast_pct_season_fold_residual,final_tov_pct_season_fold_residual,final_ts_pct_season_fold_residual,final_ftr_season_fold_residual,fresh_ast_pct_season_fold_residual,fresh_tov_pct_season_fold_residual,fresh_ts_pct_season_fold_residual,fresh_ftr_season_fold_residual,avg_ast_pct_season_fold_residual,avg_tov_pct_season_fold_residual,avg_ts_pct_season_fold_residual,avg_ftr_season_fold_residual,max_ast_pct_season_fold_residual,max_tov_pct_season_fold_residual,max_ts_pct_season_fold_residual,max_ftr_season_fold_residual,traj_ast_pct_season_fold_residual,traj_tov_pct_season_fold_residual,traj_ts_pct_season_fold_residual,traj_ftr_season_fold_residual,wavg_ast_pct_season_fold_residual,wavg_tov_pct_season_fold_residual,wavg_ts_pct_season_fold_residual,wavg_ftr_season_fold_residual",,,,,,UNSCORED_MISSING_DATA
2026003,AJ Dybantsa,2026,3,BYU,secondary_creator,wing,,,,,,,,,,,80.5,217.0,84.25,3.75,UNSCORED,trained_through_2021_post_2021_projection,clean_adjusted_internal_two_stage,2021,False,"final_ast_pct_season_fold_residual,final_tov_pct_season_fold_residual,final_ts_pct_season_fold_residual,final_ftr_season_fold_residual,fresh_ast_pct_season_fold_residual,fresh_tov_pct_season_fold_residual,fresh_ts_pct_season_fold_residual,fresh_ftr_season_fold_residual,avg_ast_pct_season_fold_residual,avg_tov_pct_season_fold_residual,avg_ts_pct_season_fold_residual,avg_ftr_season_fold_residual,max_ast_pct_season_fold_residual,max_tov_pct_season_fold_residual,max_ts_pct_season_fold_residual,max_ftr_season_fold_residual,traj_ast_pct_season_fold_residual,traj_tov_pct_season_fold_residual,traj_ts_pct_season_fold_residual,traj_ftr_season_fold_residual,wavg_ast_pct_season_fold_residual,wavg_tov_pct_season_fold_residual,wavg_ts_pct_season_fold_residual,wavg_ftr_season_fold_residual",,,,,,UNSCORED_MISSING_DATA
2026004,Caleb Wilson,2026,4,North Carolina,two_way_wing,forward_big,,,,,,,,,,,81.25,211.0,84.25,3.0,UNSCORED,trained_through_2021_post_2021_projection,clean_adjusted_internal_two_stage,2021,False,"final_ast_pct_season_fold_residual,final_tov_pct_season_fold_residual,final_ts_pct_season_fold_residual,final_ftr_season_fold_residual,fresh_ast_pct_season_fold_residual,fresh_tov_pct_season_fold_residual,fresh_ts_pct_season_fold_residual,fresh_ftr_season_fold_residual,avg_ast_pct_season_fold_residual,avg_tov_pct_season_fold_residual,avg_ts_pct_season_fold_residual,avg_ftr_season_fold_residual,max_ast_pct_season_fold_residual,max_tov_pct_season_fold_residual,max_ts_pct_season_fold_residual,max_ftr_season_fold_residual,traj_ast_pct_season_fold_residual,traj_tov_pct_season_fold_residual,traj_ts_pct_season_fold_residual,traj_ftr_season_fold_residual,wavg_ast_pct_season_fold_residual,wavg_tov_pct_season_fold_residual,wavg_ts_pct_season_fold_residual,wavg_ftr_season_fold_residual",,,,,,UNSCORED_MISSING_DATA
2026005,Keaton Wagler,2026,5,Illinois,secondary_creator,guard,,,,,,,,,,,77.0,188.0,78.25,1.25,UNSCORED,trained_through_2021_post_2021_projection,clean_adjusted_internal_two_stage,2021,False,"final_ast_pct_season_fold_residual,final_tov_pct_season_fold_residual,final_ts_pct_season_fold_residual,final_ftr_season_fold_residual,fresh_ast_pct_season_fold_residual,fresh_tov_pct_season_fold_residual,fresh_ts_pct_season_fold_residual,fresh_ftr_season_fold_residual,avg_ast_pct_season_fold_residual,avg_tov_pct_season_fold_residual,avg_ts_pct_season_fold_residual,avg_ftr_season_fold_residual,max_ast_pct_season_fold_residual,max_tov_pct_season_fold_residual,max_ts_pct_season_fold_residual,max_ftr_season_fold_residual,traj_ast_pct_season_fold_residual,traj_tov_pct_season_fold_residual,traj_ts_pct_season_fold_residual,traj_ftr_season_fold_residual,wavg_ast_pct_season_fold_residual,wavg_tov_pct_season_fold_residual,wavg_ts_pct_season_fold_residual,wavg_ftr_season_fold_residual",,,,,,UNSCORED_MISSING_DATA
2026006,Darius Acuff Jr.,2026,6,Arkansas,secondary_creator,small_guard,,,,,,,,,,,74.0,186.0,79.0,5.0,UNSCORED,trained_through_2021_post_2021_projection,clean_adjusted_internal_two_stage,2021,False,"final_ast_pct_season_fold_residual,final_tov_pct_season_fold_residual,final_ts_pct_season_fold_residual,final_ftr_season_fold_residual,fresh_ast_pct_season_fold_residual,fresh_tov_pct_season_fold_residual,fresh_ts_pct_season_fold_residual,fresh_ftr_season_fold_residual,avg_ast_pct_season_fold_residual,avg_tov_pct_season_fold_residual,avg_ts_pct_season_fold_residual,avg_ftr_season_fold_residual,max_ast_pct_season_fold_residual,max_tov_pct_season_fold_residual,max_ts_pct_season_fold_residual,max_ftr_season_fold_residual,traj_ast_pct_season_fold_residual,traj_tov_pct_season_fold_residual,traj_ts_pct_season_fold_residual,traj_ftr_season_fold_residual,wavg_ast_pct_season_fold_residual,wavg_tov_pct_season_fold_residual,wavg_ts_pct_season_fold_residual,wavg_ftr_season_fold_residual",,,,,,UNSCORED_MISSING_DATA
2026007,Kingston Flemings,2026,7,Houston,primary_creator,small_guard,,,,,,,,,,,74.5,183.0,75.5,1.0,UNSCORED,trained_through_2021_post_2021_projection,clean_adjusted_internal_two_stage,2021,False,"final_ast_pct_season_fold_residual,final_tov_pct_season_fold_residual,final_ts_pct_season_fold_residual,final_ftr_season_fold_residual,fresh_ast_pct_season_fold_residual,fresh_tov_pct_season_fold_residual,fresh_ts_pct_season_fold_residual,fresh_ftr_season_fold_residual,avg_ast_pct_season_fold_residual,avg_tov_pct_season_fold_residual,avg_ts_pct_season_fold_residual,avg_ftr_season_fold_residual,max_ast_pct_season_fold_residual,max_tov_pct_season_fold_residual,max_ts_pct_season_fold_residual,max_ftr_season_fold_residual,traj_ast_pct_season_fold_residual,traj_tov_pct_season_fold_residual,traj_ts_pct_season_fold_residual,traj_ftr_season_fold_residual,wavg_ast_pct_season_fold_residual,wavg_tov_pct_season_fold_residual,wavg_ts_pct_season_fold_residual,wavg_ftr_season_fold_residual",,,,,,UNSCORED_MISSING_DATA
2026008,Brayden Burries,2026,8,Arizona,offensive_wing,guard,,,,,,,,,,,75.75,215.0,78.0,2.25,UNSCORED,trained_through_2021_post_2021_projection,clean_adjusted_internal_two_stage,2021,False,"final_ast_pct_season_fold_residual,final_tov_pct_season_fold_residual,final_ts_pct_season_fold_residual,final_ftr_season_fold_residual,fresh_ast_pct_season_fold_residual,fresh_tov_pct_season_fold_residual,fresh_ts_pct_season_fold_residual,fresh_ftr_season_fold_residual,avg_ast_pct_season_fold_residual,avg_tov_pct_season_fold_residual,avg_ts_pct_season_fold_residual,avg_ftr_season_fold_residual,max_ast_pct_season_fold_residual,max_tov_pct_season_fold_residual,max_ts_pct_season_fold_residual,max_ftr_season_fold_residual,traj_ast_pct_season_fold_residual,traj_tov_pct_season_fold_residual,traj_ts_pct_season_fold_residual,traj_ftr_season_fold_residual,wavg_ast_pct_season_fold_residual,wavg_tov_pct_season_fold_residual,wavg_ts_pct_season_fold_residual,wavg_ftr_season_fold_residual",,,,,,UNSCORED_MISSING_DATA
2026009,Mikel Brown Jr.,2026,9,Louisville,secondary_creator,guard,,,,,,,,,,,75.5,190.0,79.5,4.0,UNSCORED,trained_through_2021_post_2021_projection,clean_adjusted_internal_two_stage,2021,False,"final_ast_pct_season_fold_residual,final_tov_pct_season_fold_residual,final_ts_pct_season_fold_residual,final_ftr_season_fold_residual,fresh_ast_pct_season_fold_residual,fresh_tov_pct_season_fold_residual,fresh_ts_pct_season_fold_residual,fresh_ftr_season_fold_residual,avg_ast_pct_season_fold_residual,avg_tov_pct_season_fold_residual,avg_ts_pct_season_fold_residual,avg_ftr_season_fold_residual,max_ast_pct_season_fold_residual,max_tov_pct_season_fold_residual,max_ts_pct_season_fold_residual,max_ftr_season_fold_residual,traj_ast_pct_season_fold_residual,traj_tov_pct_season_fold_residual,traj_ts_pct_season_fold_residual,traj_ftr_season_fold_residual,wavg_ast_pct_season_fold_residual,wavg_tov_pct_season_fold_residual,wavg_ts_pct_season_fold_residual,wavg_ftr_season_fold_residual",,,,,,UNSCORED_MISSING_DATA
2026010,Nate Ament,2026,10,Tennessee,secondary_creator,forward_big,,,,,,,,,,,81.5,211.0,83.5,2.0,UNSCORED,trained_through_2021_post_2021_projection,clean_adjusted_internal_two_stage,2021,False,"final_ast_pct_season_fold_residual,final_tov_pct_season_fold_residual,final_ts_pct_season_fold_residual,final_ftr_season_fold_residual,fresh_ast_pct_season_fold_residual,fresh_tov_pct_season_fold_residual,fresh_ts_pct_season_fold_residual,fresh_ftr_season_fold_residual,avg_ast_pct_season_fold_residual,avg_tov_pct_season_fold_residual,avg_ts_pct_season_fold_residual,avg_ftr_season_fold_residual,max_ast_pct_season_fold_residual,max_tov_pct_season_fold_residual,max_ts_pct_season_fold_residual,max_ftr_season_fold_residual,traj_ast_pct_season_fold_residual,traj_tov_pct_season_fold_residual,traj_ts_pct_season_fold_residual,traj_ftr_season_fold_residual,wavg_ast_pct_season_fold_residual,wavg_tov_pct_season_fold_residual,wavg_ts_pct_season_fold_residual,wavg_ftr_season_fold_residual",,,,,,UNSCORED_MISSING_DATA
2026011,Labaron Philon Jr.,2026,11,Alabama,secondary_creator,small_guard,,,,,,,,,,,74.5,176.0,78.25,3.75,UNSCORED,trained_through_2021_post_2021_projection,clean_adjusted_internal_two_stage,2021,False,"final_ast_pct_season_fold_residual,final_tov_pct_season_fold_residual,final_ts_pct_season_fold_residual,final_ftr_season_fold_residual,fresh_ast_pct_season_fold_residual,fresh_tov_pct_season_fold_residual,fresh_ts_pct_season_fold_residual,fresh_ftr_season_fold_residual,avg_ast_pct_season_fold_residual,avg_tov_pct_season_fold_residual,avg_ts_pct_season_fold_residual,avg_ftr_season_fold_residual,max_ast_pct_season_fold_residual,max_tov_pct_season_fold_residual,max_ts_pct_season_fold_residual,max_ftr_season_fold_residual,traj_ast_pct_season_fold_residual,traj_tov_pct_season_fold_residual,traj_ts_pct_season_fold_residual,traj_ftr_season_fold_residual,wavg_ast_pct_season_fold_residual,wavg_tov_pct_season_fold_residual,wavg_ts_pct_season_fold_residual,wavg_ftr_season_fold_residual",,,,,,UNSCORED_MISSING_DATA
2026012,Yaxel Lendeborg,2026,12,Michigan,playmaking_forward,wing,,,,,,,,,,,80.75,241.0,87.25,6.5,UNSCORED,trained_through_2021_post_2021_projection,clean_adjusted_internal_two_stage,2021,False,"final_ast_pct_season_fold_residual,final_tov_pct_season_fold_residual,final_ts_pct_season_fold_residual,final_ftr_season_fold_residual,fresh_ast_pct_season_fold_residual,fresh_tov_pct_season_fold_residual,fresh_ts_pct_season_fold_residual,fresh_ftr_season_fold_residual,avg_ast_pct_season_fold_residual,avg_tov_pct_season_fold_residual,avg_ts_pct_season_fold_residual,avg_ftr_season_fold_residual,max_ast_pct_season_fold_residual,max_tov_pct_season_fold_residual,max_ts_pct_season_fold_residual,max_ftr_season_fold_residual,traj_ast_pct_season_fold_residual,traj_tov_pct_season_fold_residual,traj_ts_pct_season_fold_residual,traj_ftr_season_fold_residual,wavg_ast_pct_season_fold_residual,wavg_tov_pct_season_fold_residual,wavg_ts_pct_season_fold_residual,wavg_ftr_season_fold_residual",,,,,,UNSCORED_MISSING_DATA
2026013,Karim López,2026,13,New Zealand,connector_forward,wing,,,,,,,,,,,80.25,222.0,83.5,3.25,UNSCORED,trained_through_2021_post_2021_projection,clean_adjusted_internal_two_stage,2021,False,"college_ast_pct,college_tov_pct,college_efg_pct,college_ftr,college_fg3a_rate,college_fg3_pct,college_ft_pct,college_fg_pct,college_sos,years_in_college,college_usg_pct_fold_expected,college_usg_pct_fold_vs_expected,college_ast_pct_fold_expected,college_ast_pct_fold_vs_expected,college_tov_pct_fold_expected,college_tov_pct_fold_vs_expected,college_ftr_fold_expected,college_ftr_fold_vs_expected,college_fg3a_rate_fold_expected,college_fg3a_rate_fold_vs_expected,college_ast_pct_usage_fold_expected,college_ast_pct_usage_fold_adjusted,college_tov_pct_usage_fold_expected,college_tov_pct_usage_fold_adjusted,college_ftr_usage_fold_expected,college_ftr_usage_fold_adjusted,college_fg3a_rate_usage_fold_expected,college_fg3a_rate_usage_fold_adjusted,final_ast_pct_season_fold_residual,final_tov_pct_season_fold_residual,final_ts_pct_season_fold_residual,final_ftr_season_fold_residual,fresh_ast_pct_season_fold_residual,fresh_tov_pct_season_fold_residual,fresh_ts_pct_season_fold_residual,fresh_ftr_season_fold_residual,avg_ast_pct_season_fold_residual,avg_tov_pct_season_fold_residual,avg_ts_pct_season_fold_residual,avg_ftr_season_fold_residual,max_ast_pct_season_fold_residual,max_tov_pct_season_fold_residual,max_ts_pct_season_fold_residual,max_ftr_season_fold_residual,traj_ast_pct_season_fold_residual,traj_tov_pct_season_fold_residual,traj_ts_pct_season_fold_residual,traj_ftr_season_fold_residual,wavg_ast_pct_season_fold_residual,wavg_tov_pct_season_fold_residual,wavg_ts_pct_season_fold_residual,wavg_ftr_season_fold_residual",,,,,,UNSCORED_MISSING_DATA
2026014,Cameron Carr,2026,14,Baylor,secondary_creator,guard,,,,,,,,,,,76.5,184.0,84.75,8.25,UNSCORED,trained_through_2021_post_2021_projection,clean_adjusted_internal_two_stage,2021,False,"final_ast_pct_season_fold_residual,final_tov_pct_season_fold_residual,final_ts_pct_season_fold_residual,final_ftr_season_fold_residual,fresh_ast_pct_season_fold_residual,fresh_tov_pct_season_fold_residual,fresh_ts_pct_season_fold_residual,fresh_ftr_season_fold_residual,avg_ast_pct_season_fold_residual,avg_tov_pct_season_fold_residual,avg_ts_pct_season_fold_residual,avg_ftr_season_fold_residual,max_ast_pct_season_fold_residual,max_tov_pct_season_fold_residual,max_ts_pct_season_fold_residual,max_ftr_season_fold_residual,traj_ast_pct_season_fold_residual,traj_tov_pct_season_fold_residual,traj_ts_pct_season_fold_residual,traj_ftr_season_fold_residual,wavg_ast_pct_season_fold_residual,wavg_tov_pct_season_fold_residual,wavg_ts_pct_season_fold_residual,wavg_ftr_season_fold_residual",,,,,,UNSCORED_MISSING_DATA
2026015,Hannes Steinbach,2026,15,Washington,rim_runner,forward_big,,,,,,,,,,,82.25,248.0,86.25,4.0,UNSCORED,trained_through_2021_post_2021_projection,clean_adjusted_internal_two_stage,2021,False,"final_ast_pct_season_fold_residual,final_tov_pct_season_fold_residual,final_ts_pct_season_fold_residual,final_ftr_season_fold_residual,fresh_ast_pct_season_fold_residual,fresh_tov_pct_season_fold_residual,fresh_ts_pct_season_fold_residual,fresh_ftr_season_fold_residual,avg_ast_pct_season_fold_residual,avg_tov_pct_season_fold_residual,avg_ts_pct_season_fold_residual,avg_ftr_season_fold_residual,max_ast_pct_season_fold_residual,max_tov_pct_season_fold_residual,max_ts_pct_season_fold_residual,max_ftr_season_fold_residual,traj_ast_pct_season_fold_residual,traj_tov_pct_season_fold_residual,traj_ts_pct_season_fold_residual,traj_ftr_season_fold_residual,wavg_ast_pct_season_fold_residual,wavg_tov_pct_season_fold_residual,wavg_ts_pct_season_fold_residual,wavg_ftr_season_fold_residual",,,,,,UNSCORED_MISSING_DATA
2026016,Chris Cenac Jr.,2026,16,Houston,stretch_big,forward_big,,,,,,,,,,,82.25,240.0,89.0,6.75,UNSCORED,trained_through_2021_post_2021_projection,clean_adjusted_internal_two_stage,2021,False,"final_ast_pct_season_fold_residual,final_tov_pct_season_fold_residual,final_ts_pct_season_fold_residual,final_ftr_season_fold_residual,fresh_ast_pct_season_fold_residual,fresh_tov_pct_season_fold_residual,fresh_ts_pct_season_fold_residual,fresh_ftr_season_fold_residual,avg_ast_pct_season_fold_residual,avg_tov_pct_season_fold_residual,avg_ts_pct_season_fold_residual,avg_ftr_season_fold_residual,max_ast_pct_season_fold_residual,max_tov_pct_season_fold_residual,max_ts_pct_season_fold_residual,max_ftr_season_fold_residual,traj_ast_pct_season_fold_residual,traj_tov_pct_season_fold_residual,traj_ts_pct_season_fold_residual,traj_ftr_season_fold_residual,wavg_ast_pct_season_fold_residual,wavg_tov_pct_season_fold_residual,wavg_ts_pct_season_fold_residual,wavg_ftr_season_fold_residual",,,,,,UNSCORED_MISSING_DATA
2026017,Morez Johnson Jr.,2026,17,Michigan,rim_runner,forward_big,,,,,,,,,,,81.0,251.0,87.5,6.5,UNSCORED,trained_through_2021_post_2021_projection,clean_adjusted_internal_two_stage,2021,False,"final_ast_pct_season_fold_residual,final_tov_pct_season_fold_residual,final_ts_pct_season_fold_residual,final_ftr_season_fold_residual,fresh_ast_pct_season_fold_residual,fresh_tov_pct_season_fold_residual,fresh_ts_pct_season_fold_residual,fresh_ftr_season_fold_residual,avg_ast_pct_season_fold_residual,avg_tov_pct_season_fold_residual,avg_ts_pct_season_fold_residual,avg_ftr_season_fold_residual,max_ast_pct_season_fold_residual,max_tov_pct_season_fold_residual,max_ts_pct_season_fold_residual,max_ftr_season_fold_residual,traj_ast_pct_season_fold_residual,traj_tov_pct_season_fold_residual,traj_ts_pct_season_fold_residual,traj_ftr_season_fold_residual,wavg_ast_pct_season_fold_residual,wavg_tov_pct_season_fold_residual,wavg_ts_pct_season_fold_residual,wavg_ftr_season_fold_residual",,,,,,UNSCORED_MISSING_DATA
2026018,Aday Mara,2026,18,Michigan,rim_runner,center,,,,,,,,,,,87.0,260.0,90.0,6.0,UNSCORED,trained_through_2021_post_2021_projection,clean_adjusted_internal_two_stage,2021,False,"final_ast_pct_season_fold_residual,final_tov_pct_season_fold_residual,final_ts_pct_season_fold_residual,final_ftr_season_fold_residual,fresh_ast_pct_season_fold_residual,fresh_tov_pct_season_fold_residual,fresh_ts_pct_season_fold_residual,fresh_ftr_season_fold_residual,avg_ast_pct_season_fold_residual,avg_tov_pct_season_fold_residual,avg_ts_pct_season_fold_residual,avg_ftr_season_fold_residual,max_ast_pct_season_fold_residual,max_tov_pct_season_fold_residual,max_ts_pct_season_fold_residual,max_ftr_season_fold_residual,traj_ast_pct_season_fold_residual,traj_tov_pct_season_fold_residual,traj_ts_pct_season_fold_residual,traj_ftr_season_fold_residual,wavg_ast_pct_season_fold_residual,wavg_tov_pct_season_fold_residual,wavg_ts_pct_season_fold_residual,wavg_ftr_season_fold_residual",,,,,,UNSCORED_MISSING_DATA
2026019,Jayden Quaintance,2026,19,Kentucky,rim_runner,forward_big,,,,,,,,,,,81.0,253.0,89.25,8.25,UNSCORED,trained_through_2021_post_2021_projection,clean_adjusted_internal_two_stage,2021,False,"final_ast_pct_season_fold_residual,final_tov_pct_season_fold_residual,final_ts_pct_season_fold_residual,final_ftr_season_fold_residual,fresh_ast_pct_season_fold_residual,fresh_tov_pct_season_fold_residual,fresh_ts_pct_season_fold_residual,fresh_ftr_season_fold_residual,avg_ast_pct_season_fold_residual,avg_tov_pct_season_fold_residual,avg_ts_pct_season_fold_residual,avg_ftr_season_fold_residual,max_ast_pct_season_fold_residual,max_tov_pct_season_fold_residual,max_ts_pct_season_fold_residual,max_ftr_season_fold_residual,traj_ast_pct_season_fold_residual,traj_tov_pct_season_fold_residual,traj_ts_pct_season_fold_residual,traj_ftr_season_fold_residual,wavg_ast_pct_season_fold_residual,wavg_tov_pct_season_fold_residual,wavg_ts_pct_season_fold_residual,wavg_ftr_season_fold_residual",,,,,,UNSCORED_MISSING_DATA
2026020,Bennett Stirtz,2026,20,Iowa,secondary_creator,small_guard,,,,,,,,,,,74.5,186.0,78.0,3.5,UNSCORED,trained_through_2021_post_2021_projection,clean_adjusted_internal_two_stage,2021,False,"final_ast_pct_season_fold_residual,final_tov_pct_season_fold_residual,final_ts_pct_season_fold_residual,final_ftr_season_fold_residual,fresh_ast_pct_season_fold_residual,fresh_tov_pct_season_fold_residual,fresh_ts_pct_season_fold_residual,fresh_ftr_season_fold_residual,avg_ast_pct_season_fold_residual,avg_tov_pct_season_fold_residual,avg_ts_pct_season_fold_residual,avg_ftr_season_fold_residual,max_ast_pct_season_fold_residual,max_tov_pct_season_fold_residual,max_ts_pct_season_fold_residual,max_ftr_season_fold_residual,traj_ast_pct_season_fold_residual,traj_tov_pct_season_fold_residual,traj_ts_pct_season_fold_residual,traj_ftr_season_fold_residual,wavg_ast_pct_season_fold_residual,wavg_tov_pct_season_fold_residual,wavg_ts_pct_season_fold_residual,wavg_ftr_season_fold_residual",,,,,,UNSCORED_MISSING_DATA
2026021,Dailyn Swain,2026,21,Texas,two_way_wing,wing,,,,,,,,,,,78.5,211.0,82.0,3.5,UNSCORED,trained_through_2021_post_2021_projection,clean_adjusted_internal_two_stage,2021,False,"final_ast_pct_season_fold_residual,final_tov_pct_season_fold_residual,final_ts_pct_season_fold_residual,final_ftr_season_fold_residual,fresh_ast_pct_season_fold_residual,fresh_tov_pct_season_fold_residual,fresh_ts_pct_season_fold_residual,fresh_ftr_season_fold_residual,avg_ast_pct_season_fold_residual,avg_tov_pct_season_fold_residual,avg_ts_pct_season_fold_residual,avg_ftr_season_fold_residual,max_ast_pct_season_fold_residual,max_tov_pct_season_fold_residual,max_ts_pct_season_fold_residual,max_ftr_season_fold_residual,traj_ast_pct_season_fold_residual,traj_tov_pct_season_fold_residual,traj_ts_pct_season_fold_residual,traj_ftr_season_fold_residual,wavg_ast_pct_season_fold_residual,wavg_tov_pct_season_fold_residual,wavg_ts_pct_season_fold_residual,wavg_ftr_season_fold_residual",,,,,,UNSCORED_MISSING_DATA
2026022,Christian Anderson,2026,22,Texas Tech,secondary_creator,small_guard,,,,,,,,,,,72.75,180.0,78.25,5.5,UNSCORED,trained_through_2021_post_2021_projection,clean_adjusted_internal_two_stage,2021,False,"final_ast_pct_season_fold_residual,final_tov_pct_season_fold_residual,final_ts_pct_season_fold_residual,final_ftr_season_fold_residual,fresh_ast_pct_season_fold_residual,fresh_tov_pct_season_fold_residual,fresh_ts_pct_season_fold_residual,fresh_ftr_season_fold_residual,avg_ast_pct_season_fold_residual,avg_tov_pct_season_fold_residual,avg_ts_pct_season_fold_residual,avg_ftr_season_fold_residual,max_ast_pct_season_fold_residual,max_tov_pct_season_fold_residual,max_ts_pct_season_fold_residual,max_ftr_season_fold_residual,traj_ast_pct_season_fold_residual,traj_tov_pct_season_fold_residual,traj_ts_pct_season_fold_residual,traj_ftr_season_fold_residual,wavg_ast_pct_season_fold_residual,wavg_tov_pct_season_fold_residual,wavg_ts_pct_season_fold_residual,wavg_ftr_season_fold_residual",,,,,,UNSCORED_MISSING_DATA
2026023,Allen Graves,2026,23,Santa Clara,stretch_big,wing,,,,,,,,,,,79.75,226.0,84.0,4.25,UNSCORED,trained_through_2021_post_2021_projection,clean_adjusted_internal_two_stage,2021,False,"final_ast_pct_season_fold_residual,final_tov_pct_season_fold_residual,final_ts_pct_season_fold_residual,final_ftr_season_fold_residual,fresh_ast_pct_season_fold_residual,fresh_tov_pct_season_fold_residual,fresh_ts_pct_season_fold_residual,fresh_ftr_season_fold_residual,avg_ast_pct_season_fold_residual,avg_tov_pct_season_fold_residual,avg_ts_pct_season_fold_residual,avg_ftr_season_fold_residual,max_ast_pct_season_fold_residual,max_tov_pct_season_fold_residual,max_ts_pct_season_fold_residual,max_ftr_season_fold_residual,traj_ast_pct_season_fold_residual,traj_tov_pct_season_fold_residual,traj_ts_pct_season_fold_residual,traj_ftr_season_fold_residual,wavg_ast_pct_season_fold_residual,wavg_tov_pct_season_fold_residual,wavg_ts_pct_season_fold_residual,wavg_ftr_season_fold_residual",,,,,,UNSCORED_MISSING_DATA
2026024,Ebuka Okorie,2026,24,Stanford,secondary_creator,small_guard,,,,,,,,,,,73.25,186.0,79.75,6.5,UNSCORED,trained_through_2021_post_2021_projection,clean_adjusted_internal_two_stage,2021,False,"final_ast_pct_season_fold_residual,final_tov_pct_season_fold_residual,final_ts_pct_season_fold_residual,final_ftr_season_fold_residual,fresh_ast_pct_season_fold_residual,fresh_tov_pct_season_fold_residual,fresh_ts_pct_season_fold_residual,fresh_ftr_season_fold_residual,avg_ast_pct_season_fold_residual,avg_tov_pct_season_fold_residual,avg_ts_pct_season_fold_residual,avg_ftr_season_fold_residual,max_ast_pct_season_fold_residual,max_tov_pct_season_fold_residual,max_ts_pct_season_fold_residual,max_ftr_season_fold_residual,traj_ast_pct_season_fold_residual,traj_tov_pct_season_fold_residual,traj_ts_pct_season_fold_residual,traj_ftr_season_fold_residual,wavg_ast_pct_season_fold_residual,wavg_tov_pct_season_fold_residual,wavg_ts_pct_season_fold_residual,wavg_ftr_season_fold_residual",,,,,,UNSCORED_MISSING_DATA
2026025,Koa Peat,2026,25,Arizona,dominant_big,wing,,,,,,,,,,,79.0,245.0,83.25,4.25,UNSCORED,trained_through_2021_post_2021_projection,clean_adjusted_internal_two_stage,2021,False,"final_ast_pct_season_fold_residual,final_tov_pct_season_fold_residual,final_ts_pct_season_fold_residual,final_ftr_season_fold_residual,fresh_ast_pct_season_fold_residual,fresh_tov_pct_season_fold_residual,fresh_ts_pct_season_fold_residual,fresh_ftr_season_fold_residual,avg_ast_pct_season_fold_residual,avg_tov_pct_season_fold_residual,avg_ts_pct_season_fold_residual,avg_ftr_season_fold_residual,max_ast_pct_season_fold_residual,max_tov_pct_season_fold_residual,max_ts_pct_season_fold_residual,max_ftr_season_fold_residual,traj_ast_pct_season_fold_residual,traj_tov_pct_season_fold_residual,traj_ts_pct_season_fold_residual,traj_ftr_season_fold_residual,wavg_ast_pct_season_fold_residual,wavg_tov_pct_season_fold_residual,wavg_ts_pct_season_fold_residual,wavg_ftr_season_fold_residual",,,,,,UNSCORED_MISSING_DATA
2026026,Isaiah Evans,2026,26,Duke,offensive_wing,guard,,,,,,,,,,,77.5,186.0,80.75,3.25,UNSCORED,trained_through_2021_post_2021_projection,clean_adjusted_internal_two_stage,2021,False,"final_ast_pct_season_fold_residual,final_tov_pct_season_fold_residual,final_ts_pct_season_fold_residual,final_ftr_season_fold_residual,fresh_ast_pct_season_fold_residual,fresh_tov_pct_season_fold_residual,fresh_ts_pct_season_fold_residual,fresh_ftr_season_fold_residual,avg_ast_pct_season_fold_residual,avg_tov_pct_season_fold_residual,avg_ts_pct_season_fold_residual,avg_ftr_season_fold_residual,max_ast_pct_season_fold_residual,max_tov_pct_season_fold_residual,max_ts_pct_season_fold_residual,max_ftr_season_fold_residual,traj_ast_pct_season_fold_residual,traj_tov_pct_season_fold_residual,traj_ts_pct_season_fold_residual,traj_ftr_season_fold_residual,wavg_ast_pct_season_fold_residual,wavg_tov_pct_season_fold_residual,wavg_ts_pct_season_fold_residual,wavg_ftr_season_fold_residual",,,,,,UNSCORED_MISSING_DATA
2026027,Joshua Jefferson,2026,27,Iowa State,rim_runner,wing,,,,,,,,,,,79.75,246.0,82.75,3.0,UNSCORED,trained_through_2021_post_2021_projection,clean_adjusted_internal_two_stage,2021,False,"final_ast_pct_season_fold_residual,final_tov_pct_season_fold_residual,final_ts_pct_season_fold_residual,final_ftr_season_fold_residual,fresh_ast_pct_season_fold_residual,fresh_tov_pct_season_fold_residual,fresh_ts_pct_season_fold_residual,fresh_ftr_season_fold_residual,avg_ast_pct_season_fold_residual,avg_tov_pct_season_fold_residual,avg_ts_pct_season_fold_residual,avg_ftr_season_fold_residual,max_ast_pct_season_fold_residual,max_tov_pct_season_fold_residual,max_ts_pct_season_fold_residual,max_ftr_season_fold_residual,traj_ast_pct_season_fold_residual,traj_tov_pct_season_fold_residual,traj_ts_pct_season_fold_residual,traj_ftr_season_fold_residual,wavg_ast_pct_season_fold_residual,wavg_tov_pct_season_fold_residual,wavg_ts_pct_season_fold_residual,wavg_ftr_season_fold_residual",,,,,,UNSCORED_MISSING_DATA
2026028,Meleek Thomas,2026,28,Arkansas,offensive_wing,guard,,,,,,,,,,,75.0,189.0,78.75,3.75,UNSCORED,trained_through_2021_post_2021_projection,clean_adjusted_internal_two_stage,2021,False,"final_ast_pct_season_fold_residual,final_tov_pct_season_fold_residual,final_ts_pct_season_fold_residual,final_ftr_season_fold_residual,fresh_ast_pct_season_fold_residual,fresh_tov_pct_season_fold_residual,fresh_ts_pct_season_fold_residual,fresh_ftr_season_fold_residual,avg_ast_pct_season_fold_residual,avg_tov_pct_season_fold_residual,avg_ts_pct_season_fold_residual,avg_ftr_season_fold_residual,max_ast_pct_season_fold_residual,max_tov_pct_season_fold_residual,max_ts_pct_season_fold_residual,max_ftr_season_fold_residual,traj_ast_pct_season_fold_residual,traj_tov_pct_season_fold_residual,traj_ts_pct_season_fold_residual,traj_ftr_season_fold_residual,wavg_ast_pct_season_fold_residual,wavg_tov_pct_season_fold_residual,wavg_ts_pct_season_fold_residual,wavg_ftr_season_fold_residual",,,,,,UNSCORED_MISSING_DATA
2026029,Henri Veesaar,2026,29,North Carolina,dominant_big,center,,,,,,,,,,,83.25,227.2,86.0,2.0,UNSCORED,trained_through_2021_post_2021_projection,clean_adjusted_internal_two_stage,2021,False,"college_ast_pct,college_tov_pct,college_efg_pct,college_ftr,college_fg3a_rate,college_fg3_pct,college_ft_pct,college_fg_pct,college_ast_pct_fold_vs_expected,college_tov_pct_fold_vs_expected,college_ftr_fold_vs_expected,college_fg3a_rate_fold_vs_expected,college_ast_pct_usage_fold_adjusted,college_tov_pct_usage_fold_adjusted,college_ftr_usage_fold_adjusted,college_fg3a_rate_usage_fold_adjusted,final_ast_pct_season_fold_residual,final_tov_pct_season_fold_residual,final_ts_pct_season_fold_residual,final_ftr_season_fold_residual,fresh_ast_pct_season_fold_residual,fresh_tov_pct_season_fold_residual,fresh_ts_pct_season_fold_residual,fresh_ftr_season_fold_residual,avg_ast_pct_season_fold_residual,avg_tov_pct_season_fold_residual,avg_ts_pct_season_fold_residual,avg_ftr_season_fold_residual,max_ast_pct_season_fold_residual,max_tov_pct_season_fold_residual,max_ts_pct_season_fold_residual,max_ftr_season_fold_residual,traj_ast_pct_season_fold_residual,traj_tov_pct_season_fold_residual,traj_ts_pct_season_fold_residual,traj_ftr_season_fold_residual,wavg_ast_pct_season_fold_residual,wavg_tov_pct_season_fold_residual,wavg_ts_pct_season_fold_residual,wavg_ftr_season_fold_residual",,,,,,UNSCORED_MISSING_DATA
2026030,Tarris Reed Jr.,2026,30,UConn,dominant_big,forward_big,,,,,,,,,,,81.75,263.6,88.25,5.25,UNSCORED,trained_through_2021_post_2021_projection,clean_adjusted_internal_two_stage,2021,False,"college_ast_pct,college_tov_pct,college_efg_pct,college_ftr,college_fg3a_rate,college_fg3_pct,college_ft_pct,college_fg_pct,college_sos,college_usg_pct_fold_expected,college_usg_pct_fold_vs_expected,college_ast_pct_fold_expected,college_ast_pct_fold_vs_expected,college_tov_pct_fold_expected,college_tov_pct_fold_vs_expected,college_ftr_fold_expected,college_ftr_fold_vs_expected,college_fg3a_rate_fold_expected,college_fg3a_rate_fold_vs_expected,college_ast_pct_usage_fold_expected,college_ast_pct_usage_fold_adjusted,college_tov_pct_usage_fold_expected,college_tov_pct_usage_fold_adjusted,college_ftr_usage_fold_expected,college_ftr_usage_fold_adjusted,college_fg3a_rate_usage_fold_expected,college_fg3a_rate_usage_fold_adjusted,final_ast_pct_season_fold_residual,final_tov_pct_season_fold_residual,final_ts_pct_season_fold_residual,final_ftr_season_fold_residual,fresh_ast_pct_season_fold_residual,fresh_tov_pct_season_fold_residual,fresh_ts_pct_season_fold_residual,fresh_ftr_season_fold_residual,avg_ast_pct_season_fold_residual,avg_tov_pct_season_fold_residual,avg_ts_pct_season_fold_residual,avg_ftr_season_fold_residual,max_ast_pct_season_fold_residual,max_tov_pct_season_fold_residual,max_ts_pct_season_fold_residual,max_ftr_season_fold_residual,traj_ast_pct_season_fold_residual,traj_tov_pct_season_fold_residual,traj_ts_pct_season_fold_residual,traj_ftr_season_fold_residual,wavg_ast_pct_season_fold_residual,wavg_tov_pct_season_fold_residual,wavg_ts_pct_season_fold_residual,wavg_ftr_season_fold_residual",,,,,,UNSCORED_MISSING_DATA
