player_id,player_name,draft_year,pick_number,college,position,tankathon_position,tankathon_class,college_pos,college_season,class_year,tankathon_age,tankathon_source_rank,measurement_source,college_stats_source,prospect_archetype,size_bucket,height_wo_shoes,weight,wingspan,wingspan_height_diff,position_name,projected_nba_position,model_label,college_mpg,college_ppg,college_rpg,college_apg,college_spg,college_bpg,college_tov,college_usg_pct,college_ast_pct,college_tov_pct,college_stl_pct,college_blk_pct,college_orb_pct,college_drb_pct,college_ts_pct,college_bpm,college_obpm,college_dbpm,college_sos,college_fg3a_rate,college_ftr,college_ft_pct,scored,missing_features,p_out,p_rot_plus,p_star,rotation_plus_prob,pred_tier3,pred_tier
2026001,Cameron Boozer,2026,1,Duke,3.0,PF,Freshman,PF,2025-26,FR,18.9,1,Sporting News 2026 combine measurements,Sports-Reference,rim_runner,wing,80.25,253.0,85.5,5.25,PF,PF,loyo_train_through_2021,33.4,22.5,10.2,4.1,1.4,0.6,2.5,29.9,25.6,12.8,2.5,2.2,12.5,22.1,0.653,18.7,12.7,6.0,12.15,0.264,0.536,0.789,True,,0.1585014604281728,0.47742864413381136,0.3640698954380158,0.8414985395718272,2.0,STAR
2026017,Hannes Steinbach,2026,17,Washington,3.0,PF,Freshman,PF,2025-26,FR,20.1,17,Sporting News 2026 combine measurements,Sports-Reference,rim_runner,forward_big,82.25,248.0,86.25,4.0,PF,PF,loyo_train_through_2021,34.6,18.5,11.8,1.6,1.1,1.2,2.0,23.9,9.1,11.9,1.8,3.9,14.3,25.0,0.636,10.1,7.7,2.4,10.4,0.146,0.436,0.759,True,,0.2501603922375203,0.5033037354564193,0.24653587230606044,0.7498396077624797,1.0,ROT+
2026006,Darius Acuff Jr.,2026,6,Arkansas,0.0,PG,Freshman,PG,2025-26,FR,19.6,6,Sporting News 2026 combine measurements,Sports-Reference,secondary_creator,small_guard,74.0,186.0,79.0,5.0,PG,PG,loyo_train_through_2021,35.1,23.5,3.1,6.4,0.8,0.3,2.2,29.5,32.2,10.0,1.3,0.9,1.6,8.3,0.604,10.1,9.4,0.7,12.32,0.348,0.37,0.809,True,,0.3718465804226734,0.42453568896820226,0.2036177306091244,0.6281534195773266,0.0,OUT
2026008,Brayden Burries,2026,8,Arizona,1.0,SG/PG,Freshman,SG/PG,2025-26,FR,20.8,8,Sporting News 2026 combine measurements,Sports-Reference,offensive_wing,guard,75.75,215.0,78.0,2.25,SG,SG,loyo_train_through_2021,29.8,16.1,4.9,2.4,1.5,0.2,1.5,23.2,14.2,10.1,2.8,0.7,2.1,14.5,0.616,11.7,6.0,5.7,13.01,0.418,0.395,0.805,True,,0.2597820746454692,0.5635810384415045,0.1766368869130263,0.7402179253545308,1.0,ROT+
2026028,Meleek Thomas,2026,28,Arkansas,1.0,SG/PG,Freshman,SG/PG,2025-26,FR,19.9,28,Sporting News 2026 combine measurements,Sports-Reference,offensive_wing,guard,75.0,189.0,78.75,3.75,SG,SG,loyo_train_through_2021,30.5,15.6,3.8,2.5,1.5,0.2,1.0,23.6,13.2,6.7,2.8,0.6,3.5,10.8,0.559,7.0,4.8,2.3,12.32,0.422,0.231,0.843,True,,0.11617894796443073,0.7515104960632163,0.13231055597235294,0.8838210520355693,1.0,ROT+
2026003,AJ Dybantsa,2026,3,BYU,2.0,SF,Freshman,SF,2025-26,FR,19.4,3,Sporting News 2026 combine measurements,Sports-Reference,secondary_creator,wing,80.5,217.0,84.25,3.75,SF,SF,loyo_train_through_2021,34.8,25.5,6.8,3.7,1.1,0.3,3.1,33.9,22.1,12.7,1.7,1.1,4.7,16.9,0.6,11.7,9.5,2.2,12.27,0.245,0.49,0.774,True,,0.2051223540770729,0.6662655201278963,0.1286121257950308,0.7948776459229271,1.0,ROT+
2026009,Mikel Brown Jr.,2026,9,Louisville,0.0,PG,Freshman,PG,2025-26,FR,20.2,9,Sporting News 2026 combine measurements,Sports-Reference,secondary_creator,guard,75.5,190.0,79.5,4.0,PG,PG,loyo_train_through_2021,29.2,18.2,3.3,4.7,1.2,0.1,3.1,31.4,30.3,16.4,2.4,0.5,0.2,12.1,0.577,6.6,4.9,1.7,10.7,0.586,0.447,0.844,True,,0.244912952163729,0.6304148138789722,0.12467223395729882,0.755087047836271,1.0,ROT+
2026002,Darryn Peterson,2026,2,Kansas,1.0,SG/PG,Freshman,SG/PG,2025-26,FR,19.4,2,Sporting News 2026 combine measurements,Sports-Reference,secondary_creator,guard,76.5,199.0,81.75,5.25,SG,SG,loyo_train_through_2021,29.0,20.2,4.2,1.6,1.4,0.6,1.6,33.5,12.5,8.3,2.9,2.3,2.8,11.8,0.578,14.1,9.3,4.8,14.36,0.463,0.371,0.826,True,,0.2577180640389368,0.620685072454876,0.1215968635061871,0.7422819359610632,1.0,ROT+
2026019,Jayden Quaintance,2026,19,Kentucky,3.0,PF/C,Sophomore,PF/C,2025-26,SO,18.9,19,Sporting News 2026 combine measurements,Sports-Reference,rim_runner,forward_big,81.0,253.0,89.25,8.25,PF,PF,loyo_train_through_2021,27.7,8.8,7.5,1.4,1.0,2.4,1.9,18.5,10.2,18.4,2.1,9.4,11.9,18.5,0.533,6.1,1.5,4.6,12.96,0.168,0.44,0.452,True,,0.24850240954750513,0.6312678792748041,0.12022971117769082,0.751497590452495,1.0,ROT+
2026004,Caleb Wilson,2026,4,North Carolina,2.0,SF/PF,Freshman,SF/PF,2025-26,FR,19.9,4,Sporting News 2026 combine measurements,Sports-Reference,two_way_wing,forward_big,81.25,211.0,84.25,3.0,SF,SF,loyo_train_through_2021,31.3,19.8,9.4,2.7,1.5,1.4,2.0,28.7,18.1,11.0,2.8,4.4,10.5,22.2,0.626,14.0,8.7,5.3,10.46,0.092,0.616,0.713,True,,0.2026343044946658,0.6946298106406588,0.1027358848646754,0.7973656955053342,1.0,ROT+
2026015,Aday Mara,2026,15,Michigan,4.0,C,Junior,C,2025-26,JR,21.2,15,Sporting News 2026 combine measurements,Sports-Reference,rim_runner,center,87.0,260.0,90.0,3.0,C,C,loyo_train_through_2021,16.2,7.8,4.5,1.4,0.2,1.7,1.2,23.7,17.4,16.3,0.8,13.0,11.6,20.3,0.614,11.5,4.7,6.8,15.1,0.019,0.454,0.585,True,,0.6017656581135018,0.30103183479719137,0.09720250708930683,0.3982343418864982,0.0,OUT
2026007,Kingston Flemings,2026,7,Houston,0.0,PG,Freshman,PG,2025-26,FR,19.5,7,Sporting News 2026 combine measurements,Sports-Reference,primary_creator,small_guard,74.5,183.0,75.5,1.0,PG,PG,loyo_train_through_2021,31.7,16.1,4.1,5.2,1.5,0.3,1.8,26.0,32.6,11.1,3.0,1.3,1.8,12.9,0.563,12.6,6.6,6.0,11.7,0.227,0.277,0.845,True,,0.675919666820022,0.2322874332520439,0.09179289992793413,0.32408033317997803,0.0,OUT
2026024,Ebuka Okorie,2026,24,Stanford,0.0,PG,Freshman,PG,2025-26,FR,19.2,24,Sporting News 2026 combine measurements,Sports-Reference,secondary_creator,small_guard,73.25,186.0,79.75,6.5,PG,PG,loyo_train_through_2021,35.1,23.2,3.6,3.6,1.6,0.3,1.9,31.0,23.9,8.7,2.7,1.0,2.4,10.3,0.589,10.6,8.4,2.2,8.89,0.354,0.449,0.832,True,,0.40475701586814805,0.5045114228548285,0.09073156127702339,0.595242984131852,0.0,OUT
2026023,Christian Anderson,2026,23,Texas Tech,0.0,PG,Sophomore,PG,2025-26,SO,20.2,23,Sporting News 2026 combine measurements,Sports-Reference,secondary_creator,small_guard,72.75,180.0,78.25,5.5,PG,PG,loyo_train_through_2021,34.4,14.5,3.3,4.7,1.3,0.2,2.1,20.5,24.6,15.3,2.3,0.5,2.0,8.9,0.613,8.4,5.4,2.9,13.86,0.632,0.281,0.804,True,,0.20015498853662272,0.7343633974861746,0.06548161397720265,0.7998450114633773,1.0,ROT+
2026010,Nate Ament,2026,10,Tennessee,2.0,SF,Freshman,SF,2025-26,FR,19.5,10,Sporting News 2026 combine measurements,Sports-Reference,secondary_creator,forward_big,81.5,211.0,83.5,2.0,SF,SF,loyo_train_through_2021,29.7,16.7,6.3,2.3,1.0,0.6,2.3,29.0,14.8,12.6,1.9,2.7,6.7,17.0,0.534,8.4,5.1,3.3,12.7,0.322,0.578,0.79,True,,0.20600167180237483,0.7335725279027671,0.06042580029485809,0.7939983281976252,1.0,ROT+
2026020,Bennett Stirtz,2026,20,Iowa,0.0,PG,Senior,PG,2025-26,SR,22.7,20,Sporting News 2026 combine measurements,Sports-Reference,secondary_creator,small_guard,74.5,186.0,78.0,3.5,PG,PG,loyo_train_through_2021,38.5,19.5,3.4,5.0,1.7,0.3,1.9,26.4,29.5,10.6,2.9,0.9,1.6,11.2,0.608,10.3,7.5,2.8,10.93,0.422,0.347,0.82,True,,0.4059939433512352,0.533786609425895,0.06021944722286986,0.5940060566487648,0.0,OUT
2026018,Chris Cenac Jr.,2026,18,Houston,3.0,PF/C,Freshman,PF/C,2025-26,FR,19.4,18,Sporting News 2026 combine measurements,Sports-Reference,rim_runner,forward_big,82.25,240.0,89.0,6.75,PF,PF,loyo_train_through_2021,24.8,9.5,7.9,0.7,0.8,0.5,0.9,19.9,5.5,9.3,1.9,2.6,10.1,26.1,0.546,7.5,3.7,3.8,11.7,0.305,0.197,0.621,True,,0.6233353878600583,0.321276839731091,0.05538777240885064,0.3766646121399416,0.0,OUT
2026013,Cameron Carr,2026,13,Baylor,1.0,SG,Sophomore,SG,2025-26,SO,21.6,13,Sporting News 2026 combine measurements,Sports-Reference,secondary_creator,guard,76.5,184.0,84.75,8.25,SG,SG,loyo_train_through_2021,24.0,13.2,4.1,1.9,0.6,0.9,1.7,25.0,15.0,13.4,1.4,4.1,2.2,17.3,0.615,8.5,6.2,2.3,11.47,0.485,0.377,0.798,True,,0.7800174926956516,0.16542852814493736,0.054553979159411056,0.21998250730434843,0.0,OUT
2026021,Allen Graves,2026,21,Santa Clara,3.0,PF,Freshman,PF,2025-26,FR,19.9,21,Sporting News 2026 combine measurements,Sports-Reference,rim_runner,wing,79.75,226.0,84.0,4.25,PF,PF,loyo_train_through_2021,22.6,11.8,6.5,1.8,1.9,0.9,0.7,21.9,13.9,6.9,4.9,4.9,13.8,19.8,0.613,13.4,8.7,4.7,6.09,0.325,0.396,0.75,True,,0.39821048250872937,0.5559599703005076,0.045829547190763036,0.6017895174912706,0.0,OUT
2026011,Labaron Philon Jr.,2026,11,Alabama,0.0,PG,Sophomore,PG,2025-26,SO,20.6,11,Sporting News 2026 combine measurements,Sports-Reference,secondary_creator,small_guard,74.5,176.0,78.25,3.75,PG,PG,loyo_train_through_2021,27.6,16.0,3.4,4.4,1.3,0.3,2.1,25.7,28.6,13.7,2.4,0.8,2.8,9.3,0.597,9.9,6.9,3.1,14.57,0.409,0.36,0.788,True,,0.6327963422640335,0.3235204832783072,0.04368317445765932,0.3672036577359665,0.0,OUT
2026025,Isaiah Evans,2026,25,Duke,2.0,SF,Sophomore,SF,2025-26,SO,20.5,25,Sporting News 2026 combine measurements,Sports-Reference,role_player,guard,77.5,186.0,80.75,3.25,SF,SF,loyo_train_through_2021,21.2,11.0,2.2,0.9,0.5,0.4,0.8,24.1,7.7,8.0,1.3,2.2,1.5,9.8,0.599,9.0,6.2,2.8,12.15,0.7,0.238,0.849,True,,0.4560936787002111,0.5032052499607919,0.040701071338997,0.5439063212997889,0.0,OUT
2026026,Koa Peat,2026,26,Arizona,3.0,PF,Freshman,PF,2025-26,FR,19.4,26,Sporting News 2026 combine measurements,Sports-Reference,playmaking_forward,wing,79.0,245.0,83.25,4.25,PF,PF,loyo_train_through_2021,27.8,14.1,5.6,2.6,0.6,0.7,1.6,24.5,16.7,11.3,1.3,2.5,9.1,12.5,0.557,8.8,4.8,3.9,13.01,0.053,0.427,0.623,True,,0.43756964971697176,0.5260784600502162,0.03635189023281205,0.5624303502830282,0.0,OUT
2026014,Morez Johnson Jr.,2026,14,Michigan,3.0,PF/C,Sophomore,PF/C,2025-26,SO,20.4,14,Sporting News 2026 combine measurements,Sports-Reference,stretch_big,forward_big,81.0,251.0,87.5,6.5,PF,PF,loyo_train_through_2021,21.9,10.5,7.0,0.8,0.6,1.1,1.1,19.6,6.5,12.2,1.4,5.0,14.4,20.2,0.667,10.5,5.6,4.8,15.1,0.081,0.566,0.722,True,,0.4155448247194262,0.5512039765027482,0.03325119877782553,0.5844551752805738,0.0,OUT
2026005,Keaton Wagler,2026,5,Illinois,1.0,SG/PG,Freshman,SG/PG,2025-26,FR,19.4,5,Sporting News 2026 combine measurements,Sports-Reference,secondary_creator,guard,77.0,188.0,78.25,1.25,SG,SG,loyo_train_through_2021,33.9,17.9,5.1,4.2,0.9,0.4,1.8,25.2,23.2,10.6,1.7,1.3,6.7,10.0,0.596,12.3,8.8,3.5,12.23,0.482,0.476,0.796,True,,0.45701595833861486,0.5102550317450517,0.03272900991633342,0.5429840416613851,0.0,OUT
2026012,Yaxel Lendeborg,2026,12,Michigan,3.0,PF,Senior,PF,2025-26,SR,23.7,12,Sporting News 2026 combine measurements,Sports-Reference,playmaking_forward,wing,80.75,241.0,87.25,6.5,PF,PF,loyo_train_through_2021,31.3,15.5,9.5,3.2,1.2,1.7,1.7,22.1,18.3,11.9,2.2,5.6,10.4,22.6,0.614,11.7,7.7,4.1,15.1,0.249,0.489,0.792,True,,0.3295256357667077,0.6400064821805012,0.030467882052791193,0.6704743642332923,1.0,ROT+
2026022,Dailyn Swain,2026,22,Texas,1.0,SG/SF,Junior,SG/SF,2025-26,JR,20.9,22,Sporting News 2026 combine measurements,Sports-Reference,offensive_wing,wing,78.5,211.0,82.0,3.5,SG,SG,loyo_train_through_2021,27.3,11.4,5.5,2.6,1.4,0.5,1.7,20.4,17.8,15.7,3.0,2.0,5.4,18.1,0.61,8.2,4.2,3.9,11.22,0.194,0.464,0.815,True,,0.36545453260037986,0.6058108264818857,0.028734640917734467,0.6345454673996201,0.0,OUT
2026027,Joshua Jefferson,2026,27,Iowa State,3.0,PF/SF,Senior,PF/SF,2025-26,SR,22.6,27,Sporting News 2026 combine measurements,Sports-Reference,rim_runner,wing,79.75,246.0,82.75,3.0,PF,PF,loyo_train_through_2021,23.4,10.5,5.7,2.7,1.4,0.5,1.8,23.9,21.3,15.9,3.5,2.8,7.4,21.8,0.566,10.9,5.0,5.9,10.27,0.258,0.451,0.722,True,,0.5542537002681742,0.42083824782281426,0.02490805190901145,0.4457462997318257,0.0,OUT
2026016,Karim López,2026,16,New Zealand,2.0,SF,International,SF,2025-26,International,19.2,16,Sporting News 2026 combine measurements,,offensive_wing,wing,80.25,222.0,83.5,3.25,SF,SF,loyo_train_through_2021,25.5,11.9,6.1,1.9,1.2,1.0,,19.5,,,,,,,0.58,,,,,,,,False,"college_ast_pct,college_tov_pct,college_efg_pct,college_ftr,college_fg3a_rate,college_fg3_pct,college_ft_pct,college_fg_pct,college_sos,years_in_college,college_usg_pct_fold_expected,college_usg_pct_fold_vs_expected,college_ast_pct_fold_expected,college_ast_pct_fold_vs_expected,college_tov_pct_fold_expected,college_tov_pct_fold_vs_expected,college_ftr_fold_expected,college_ftr_fold_vs_expected,college_fg3a_rate_fold_expected,college_fg3a_rate_fold_vs_expected,college_ast_pct_usage_fold_expected,college_ast_pct_usage_fold_adjusted,college_tov_pct_usage_fold_expected,college_tov_pct_usage_fold_adjusted,college_ftr_usage_fold_expected,college_ftr_usage_fold_adjusted,college_fg3a_rate_usage_fold_expected,college_fg3a_rate_usage_fold_adjusted,final_ast_pct_season_fold_residual,final_tov_pct_season_fold_residual,final_ts_pct_season_fold_residual,final_ftr_season_fold_residual,fresh_ast_pct_season_fold_residual,fresh_tov_pct_season_fold_residual,fresh_ts_pct_season_fold_residual,fresh_ftr_season_fold_residual,avg_ast_pct_season_fold_residual,avg_tov_pct_season_fold_residual,avg_ts_pct_season_fold_residual,avg_ftr_season_fold_residual,max_ast_pct_season_fold_residual,max_tov_pct_season_fold_residual,max_ts_pct_season_fold_residual,max_ftr_season_fold_residual,traj_ast_pct_season_fold_residual,traj_tov_pct_season_fold_residual,traj_ts_pct_season_fold_residual,traj_ftr_season_fold_residual,wavg_ast_pct_season_fold_residual,wavg_tov_pct_season_fold_residual,wavg_ts_pct_season_fold_residual,wavg_ftr_season_fold_residual",,,,,,UNSCORED_MISSING_DATA
2026029,Henri Veesaar,2026,29,North Carolina,4.0,C,Junior,C,2025-26,JR,22.2,29,,,dominant_big,center,84.5,227.0,,,C,C,loyo_train_through_2021,31.384615384615383,17.0,8.7,2.1,0.6,1.2,,23.3,,,,,,,0.664,10.7,7.0,3.8,10.46,,,,False,"college_ast_pct,college_tov_pct,college_efg_pct,college_ftr,college_fg3a_rate,college_fg3_pct,college_ft_pct,college_fg_pct,wingspan,wingspan_height_diff,college_ast_pct_fold_vs_expected,college_tov_pct_fold_vs_expected,college_ftr_fold_vs_expected,college_fg3a_rate_fold_vs_expected,college_ast_pct_usage_fold_adjusted,college_tov_pct_usage_fold_adjusted,college_ftr_usage_fold_adjusted,college_fg3a_rate_usage_fold_adjusted,final_ast_pct_season_fold_residual,final_tov_pct_season_fold_residual,final_ts_pct_season_fold_residual,final_ftr_season_fold_residual,fresh_ast_pct_season_fold_residual,fresh_tov_pct_season_fold_residual,fresh_ts_pct_season_fold_residual,fresh_ftr_season_fold_residual,avg_ast_pct_season_fold_residual,avg_tov_pct_season_fold_residual,avg_ts_pct_season_fold_residual,avg_ftr_season_fold_residual,max_ast_pct_season_fold_residual,max_tov_pct_season_fold_residual,max_ts_pct_season_fold_residual,max_ftr_season_fold_residual,traj_ast_pct_season_fold_residual,traj_tov_pct_season_fold_residual,traj_ts_pct_season_fold_residual,traj_ftr_season_fold_residual,wavg_ast_pct_season_fold_residual,wavg_tov_pct_season_fold_residual,wavg_ts_pct_season_fold_residual,wavg_ftr_season_fold_residual",,,,,,UNSCORED_MISSING_DATA
2026030,Sergio de Larrea,2026,30,Valencia,0.0,PG/SG,International,PG/SG,2025-26,International,20.5,30,,,combo_guard,wing,79.25,204.0,,,PG,PG,loyo_train_through_2021,14.651162790697676,7.0,2.2,2.8,0.5,0.3,,22.2,,,,,,,0.582,,,,,,,,False,"college_ast_pct,college_tov_pct,college_efg_pct,college_ftr,college_fg3a_rate,college_fg3_pct,college_ft_pct,college_fg_pct,wingspan,wingspan_height_diff,college_sos,years_in_college,college_usg_pct_fold_expected,college_usg_pct_fold_vs_expected,college_ast_pct_fold_expected,college_ast_pct_fold_vs_expected,college_tov_pct_fold_expected,college_tov_pct_fold_vs_expected,college_ftr_fold_expected,college_ftr_fold_vs_expected,college_fg3a_rate_fold_expected,college_fg3a_rate_fold_vs_expected,college_ast_pct_usage_fold_expected,college_ast_pct_usage_fold_adjusted,college_tov_pct_usage_fold_expected,college_tov_pct_usage_fold_adjusted,college_ftr_usage_fold_expected,college_ftr_usage_fold_adjusted,college_fg3a_rate_usage_fold_expected,college_fg3a_rate_usage_fold_adjusted,final_ast_pct_season_fold_residual,final_tov_pct_season_fold_residual,final_ts_pct_season_fold_residual,final_ftr_season_fold_residual,fresh_ast_pct_season_fold_residual,fresh_tov_pct_season_fold_residual,fresh_ts_pct_season_fold_residual,fresh_ftr_season_fold_residual,avg_ast_pct_season_fold_residual,avg_tov_pct_season_fold_residual,avg_ts_pct_season_fold_residual,avg_ftr_season_fold_residual,max_ast_pct_season_fold_residual,max_tov_pct_season_fold_residual,max_ts_pct_season_fold_residual,max_ftr_season_fold_residual,traj_ast_pct_season_fold_residual,traj_tov_pct_season_fold_residual,traj_ts_pct_season_fold_residual,traj_ftr_season_fold_residual,wavg_ast_pct_season_fold_residual,wavg_tov_pct_season_fold_residual,wavg_ts_pct_season_fold_residual,wavg_ftr_season_fold_residual",,,,,,UNSCORED_MISSING_DATA
2026031,Tarris Reed Jr.,2026,31,UConn,4.0,C,Senior,C,2025-26,SR,22.9,31,,,dominant_big,forward_big,83.0,264.0,,,C,C,loyo_train_through_2021,27.278350515463917,14.7,9.0,2.3,0.9,2.0,,26.1,,,,,,,0.614,12.9,6.7,6.1,,,,,False,"college_ast_pct,college_tov_pct,college_efg_pct,college_ftr,college_fg3a_rate,college_fg3_pct,college_ft_pct,college_fg_pct,wingspan,wingspan_height_diff,college_sos,college_usg_pct_fold_expected,college_usg_pct_fold_vs_expected,college_ast_pct_fold_expected,college_ast_pct_fold_vs_expected,college_tov_pct_fold_expected,college_tov_pct_fold_vs_expected,college_ftr_fold_expected,college_ftr_fold_vs_expected,college_fg3a_rate_fold_expected,college_fg3a_rate_fold_vs_expected,college_ast_pct_usage_fold_expected,college_ast_pct_usage_fold_adjusted,college_tov_pct_usage_fold_expected,college_tov_pct_usage_fold_adjusted,college_ftr_usage_fold_expected,college_ftr_usage_fold_adjusted,college_fg3a_rate_usage_fold_expected,college_fg3a_rate_usage_fold_adjusted,final_ast_pct_season_fold_residual,final_tov_pct_season_fold_residual,final_ts_pct_season_fold_residual,final_ftr_season_fold_residual,fresh_ast_pct_season_fold_residual,fresh_tov_pct_season_fold_residual,fresh_ts_pct_season_fold_residual,fresh_ftr_season_fold_residual,avg_ast_pct_season_fold_residual,avg_tov_pct_season_fold_residual,avg_ts_pct_season_fold_residual,avg_ftr_season_fold_residual,max_ast_pct_season_fold_residual,max_tov_pct_season_fold_residual,max_ts_pct_season_fold_residual,max_ftr_season_fold_residual,traj_ast_pct_season_fold_residual,traj_tov_pct_season_fold_residual,traj_ts_pct_season_fold_residual,traj_ftr_season_fold_residual,wavg_ast_pct_season_fold_residual,wavg_tov_pct_season_fold_residual,wavg_ts_pct_season_fold_residual,wavg_ftr_season_fold_residual",,,,,,UNSCORED_MISSING_DATA
2026032,Alex Karaban,2026,32,UConn,2.0,SF/PF,Senior,SF/PF,2025-26,SR,23.6,32,,,connector_forward,wing,80.0,225.0,,,SF,SF,loyo_train_through_2021,34.43478260869565,13.2,5.3,2.4,0.8,0.8,,18.4,,,,,,,0.59,9.0,5.4,3.6,,,,,False,"college_ast_pct,college_tov_pct,college_efg_pct,college_ftr,college_fg3a_rate,college_fg3_pct,college_ft_pct,college_fg_pct,wingspan,wingspan_height_diff,college_sos,college_usg_pct_fold_expected,college_usg_pct_fold_vs_expected,college_ast_pct_fold_expected,college_ast_pct_fold_vs_expected,college_tov_pct_fold_expected,college_tov_pct_fold_vs_expected,college_ftr_fold_expected,college_ftr_fold_vs_expected,college_fg3a_rate_fold_expected,college_fg3a_rate_fold_vs_expected,college_ast_pct_usage_fold_expected,college_ast_pct_usage_fold_adjusted,college_tov_pct_usage_fold_expected,college_tov_pct_usage_fold_adjusted,college_ftr_usage_fold_expected,college_ftr_usage_fold_adjusted,college_fg3a_rate_usage_fold_expected,college_fg3a_rate_usage_fold_adjusted,final_ast_pct_season_fold_residual,final_tov_pct_season_fold_residual,final_ts_pct_season_fold_residual,final_ftr_season_fold_residual,fresh_ast_pct_season_fold_residual,fresh_tov_pct_season_fold_residual,fresh_ts_pct_season_fold_residual,fresh_ftr_season_fold_residual,avg_ast_pct_season_fold_residual,avg_tov_pct_season_fold_residual,avg_ts_pct_season_fold_residual,avg_ftr_season_fold_residual,max_ast_pct_season_fold_residual,max_tov_pct_season_fold_residual,max_ts_pct_season_fold_residual,max_ftr_season_fold_residual,traj_ast_pct_season_fold_residual,traj_tov_pct_season_fold_residual,traj_ts_pct_season_fold_residual,traj_ftr_season_fold_residual,wavg_ast_pct_season_fold_residual,wavg_tov_pct_season_fold_residual,wavg_ts_pct_season_fold_residual,wavg_ftr_season_fold_residual",,,,,,UNSCORED_MISSING_DATA
2026033,Zuby Ejiofor,2026,33,St. John's,3.0,PF,Senior,PF,2025-26,SR,22.2,33,,,connector_forward,wing,80.75,245.0,,,PF,PF,loyo_train_through_2021,29.93877551020408,16.3,7.3,3.5,1.2,2.1,,24.8,,,,,,,0.609,14.5,8.5,6.0,,,,,False,"college_ast_pct,college_tov_pct,college_efg_pct,college_ftr,college_fg3a_rate,college_fg3_pct,college_ft_pct,college_fg_pct,wingspan,wingspan_height_diff,college_sos,college_usg_pct_fold_expected,college_usg_pct_fold_vs_expected,college_ast_pct_fold_expected,college_ast_pct_fold_vs_expected,college_tov_pct_fold_expected,college_tov_pct_fold_vs_expected,college_ftr_fold_expected,college_ftr_fold_vs_expected,college_fg3a_rate_fold_expected,college_fg3a_rate_fold_vs_expected,college_ast_pct_usage_fold_expected,college_ast_pct_usage_fold_adjusted,college_tov_pct_usage_fold_expected,college_tov_pct_usage_fold_adjusted,college_ftr_usage_fold_expected,college_ftr_usage_fold_adjusted,college_fg3a_rate_usage_fold_expected,college_fg3a_rate_usage_fold_adjusted,final_ast_pct_season_fold_residual,final_tov_pct_season_fold_residual,final_ts_pct_season_fold_residual,final_ftr_season_fold_residual,fresh_ast_pct_season_fold_residual,fresh_tov_pct_season_fold_residual,fresh_ts_pct_season_fold_residual,fresh_ftr_season_fold_residual,avg_ast_pct_season_fold_residual,avg_tov_pct_season_fold_residual,avg_ts_pct_season_fold_residual,avg_ftr_season_fold_residual,max_ast_pct_season_fold_residual,max_tov_pct_season_fold_residual,max_ts_pct_season_fold_residual,max_ftr_season_fold_residual,traj_ast_pct_season_fold_residual,traj_tov_pct_season_fold_residual,traj_ts_pct_season_fold_residual,traj_ftr_season_fold_residual,wavg_ast_pct_season_fold_residual,wavg_tov_pct_season_fold_residual,wavg_ts_pct_season_fold_residual,wavg_ftr_season_fold_residual",,,,,,UNSCORED_MISSING_DATA
2026034,Richie Saunders,2026,34,BYU,1.0,SG,Senior,SG,2025-26,SR,24.8,34,,,scoring_wing,wing,78.25,205.0,,,SG,SG,loyo_train_through_2021,31.304347826086957,18.0,5.8,2.1,1.7,0.3,,24.5,,,,,,,0.632,10.7,7.8,2.9,12.27,,,,False,"college_ast_pct,college_tov_pct,college_efg_pct,college_ftr,college_fg3a_rate,college_fg3_pct,college_ft_pct,college_fg_pct,wingspan,wingspan_height_diff,college_ast_pct_fold_vs_expected,college_tov_pct_fold_vs_expected,college_ftr_fold_vs_expected,college_fg3a_rate_fold_vs_expected,college_ast_pct_usage_fold_adjusted,college_tov_pct_usage_fold_adjusted,college_ftr_usage_fold_adjusted,college_fg3a_rate_usage_fold_adjusted,final_ast_pct_season_fold_residual,final_tov_pct_season_fold_residual,final_ts_pct_season_fold_residual,final_ftr_season_fold_residual,fresh_ast_pct_season_fold_residual,fresh_tov_pct_season_fold_residual,fresh_ts_pct_season_fold_residual,fresh_ftr_season_fold_residual,avg_ast_pct_season_fold_residual,avg_tov_pct_season_fold_residual,avg_ts_pct_season_fold_residual,avg_ftr_season_fold_residual,max_ast_pct_season_fold_residual,max_tov_pct_season_fold_residual,max_ts_pct_season_fold_residual,max_ftr_season_fold_residual,traj_ast_pct_season_fold_residual,traj_tov_pct_season_fold_residual,traj_ts_pct_season_fold_residual,traj_ftr_season_fold_residual,wavg_ast_pct_season_fold_residual,wavg_tov_pct_season_fold_residual,wavg_ts_pct_season_fold_residual,wavg_ftr_season_fold_residual",,,,,,UNSCORED_MISSING_DATA
2026035,Jaden Bradley,2026,35,Arizona,0.0,PG,Senior,PG,2025-26,SR,22.8,35,,,combo_guard,guard,75.75,205.0,,,PG,PG,loyo_train_through_2021,30.692307692307693,13.3,3.4,4.4,1.4,0.1,,20.9,,,,,,,0.568,9.0,3.7,5.3,13.01,,,,False,"college_ast_pct,college_tov_pct,college_efg_pct,college_ftr,college_fg3a_rate,college_fg3_pct,college_ft_pct,college_fg_pct,wingspan,wingspan_height_diff,college_ast_pct_fold_vs_expected,college_tov_pct_fold_vs_expected,college_ftr_fold_vs_expected,college_fg3a_rate_fold_vs_expected,college_ast_pct_usage_fold_adjusted,college_tov_pct_usage_fold_adjusted,college_ftr_usage_fold_adjusted,college_fg3a_rate_usage_fold_adjusted,final_ast_pct_season_fold_residual,final_tov_pct_season_fold_residual,final_ts_pct_season_fold_residual,final_ftr_season_fold_residual,fresh_ast_pct_season_fold_residual,fresh_tov_pct_season_fold_residual,fresh_ts_pct_season_fold_residual,fresh_ftr_season_fold_residual,avg_ast_pct_season_fold_residual,avg_tov_pct_season_fold_residual,avg_ts_pct_season_fold_residual,avg_ftr_season_fold_residual,max_ast_pct_season_fold_residual,max_tov_pct_season_fold_residual,max_ts_pct_season_fold_residual,max_ftr_season_fold_residual,traj_ast_pct_season_fold_residual,traj_tov_pct_season_fold_residual,traj_ts_pct_season_fold_residual,traj_ftr_season_fold_residual,wavg_ast_pct_season_fold_residual,wavg_tov_pct_season_fold_residual,wavg_ts_pct_season_fold_residual,wavg_ftr_season_fold_residual",,,,,,UNSCORED_MISSING_DATA
2026036,Baba Miller,2026,36,Cincinnati,2.0,SF,Senior,SF,2025-26,SR,22.4,36,,,connector_forward,forward_big,83.75,208.0,,,SF,SF,loyo_train_through_2021,31.836734693877553,13.0,10.3,3.7,0.7,1.2,,21.1,,,,,,,0.576,9.4,3.7,5.8,,,,,False,"college_ast_pct,college_tov_pct,college_efg_pct,college_ftr,college_fg3a_rate,college_fg3_pct,college_ft_pct,college_fg_pct,wingspan,wingspan_height_diff,college_sos,college_usg_pct_fold_expected,college_usg_pct_fold_vs_expected,college_ast_pct_fold_expected,college_ast_pct_fold_vs_expected,college_tov_pct_fold_expected,college_tov_pct_fold_vs_expected,college_ftr_fold_expected,college_ftr_fold_vs_expected,college_fg3a_rate_fold_expected,college_fg3a_rate_fold_vs_expected,college_ast_pct_usage_fold_expected,college_ast_pct_usage_fold_adjusted,college_tov_pct_usage_fold_expected,college_tov_pct_usage_fold_adjusted,college_ftr_usage_fold_expected,college_ftr_usage_fold_adjusted,college_fg3a_rate_usage_fold_expected,college_fg3a_rate_usage_fold_adjusted,final_ast_pct_season_fold_residual,final_tov_pct_season_fold_residual,final_ts_pct_season_fold_residual,final_ftr_season_fold_residual,fresh_ast_pct_season_fold_residual,fresh_tov_pct_season_fold_residual,fresh_ts_pct_season_fold_residual,fresh_ftr_season_fold_residual,avg_ast_pct_season_fold_residual,avg_tov_pct_season_fold_residual,avg_ts_pct_season_fold_residual,avg_ftr_season_fold_residual,max_ast_pct_season_fold_residual,max_tov_pct_season_fold_residual,max_ts_pct_season_fold_residual,max_ftr_season_fold_residual,traj_ast_pct_season_fold_residual,traj_tov_pct_season_fold_residual,traj_ts_pct_season_fold_residual,traj_ftr_season_fold_residual,wavg_ast_pct_season_fold_residual,wavg_tov_pct_season_fold_residual,wavg_ts_pct_season_fold_residual,wavg_ftr_season_fold_residual",,,,,,UNSCORED_MISSING_DATA
2026037,Ryan Conwell,2026,37,Louisville,1.0,SG,Senior,SG,2025-26,SR,22.0,37,,,role_path,guard,75.25,215.0,,,SG,SG,loyo_train_through_2021,30.904109589041102,18.8,4.8,2.7,1.1,0.2,,29.5,,,,,,,0.566,7.3,5.1,2.2,10.7,,,,False,"college_ast_pct,college_tov_pct,college_efg_pct,college_ftr,college_fg3a_rate,college_fg3_pct,college_ft_pct,college_fg_pct,wingspan,wingspan_height_diff,college_ast_pct_fold_vs_expected,college_tov_pct_fold_vs_expected,college_ftr_fold_vs_expected,college_fg3a_rate_fold_vs_expected,college_ast_pct_usage_fold_adjusted,college_tov_pct_usage_fold_adjusted,college_ftr_usage_fold_adjusted,college_fg3a_rate_usage_fold_adjusted,final_ast_pct_season_fold_residual,final_tov_pct_season_fold_residual,final_ts_pct_season_fold_residual,final_ftr_season_fold_residual,fresh_ast_pct_season_fold_residual,fresh_tov_pct_season_fold_residual,fresh_ts_pct_season_fold_residual,fresh_ftr_season_fold_residual,avg_ast_pct_season_fold_residual,avg_tov_pct_season_fold_residual,avg_ts_pct_season_fold_residual,avg_ftr_season_fold_residual,max_ast_pct_season_fold_residual,max_tov_pct_season_fold_residual,max_ts_pct_season_fold_residual,max_ftr_season_fold_residual,traj_ast_pct_season_fold_residual,traj_tov_pct_season_fold_residual,traj_ts_pct_season_fold_residual,traj_ftr_season_fold_residual,wavg_ast_pct_season_fold_residual,wavg_tov_pct_season_fold_residual,wavg_ts_pct_season_fold_residual,wavg_ftr_season_fold_residual",,,,,,UNSCORED_MISSING_DATA
2026038,Trevon Brazile,2026,38,Arkansas,3.0,PF,Senior,PF,2025-26,SR,23.4,38,,,dominant_big,forward_big,82.75,226.0,,,PF,PF,loyo_train_through_2021,31.40939597315436,13.0,7.3,1.6,1.5,1.6,,17.6,,,,,,,0.619,9.3,5.4,3.9,12.32,,,,False,"college_ast_pct,college_tov_pct,college_efg_pct,college_ftr,college_fg3a_rate,college_fg3_pct,college_ft_pct,college_fg_pct,wingspan,wingspan_height_diff,college_ast_pct_fold_vs_expected,college_tov_pct_fold_vs_expected,college_ftr_fold_vs_expected,college_fg3a_rate_fold_vs_expected,college_ast_pct_usage_fold_adjusted,college_tov_pct_usage_fold_adjusted,college_ftr_usage_fold_adjusted,college_fg3a_rate_usage_fold_adjusted,final_ast_pct_season_fold_residual,final_tov_pct_season_fold_residual,final_ts_pct_season_fold_residual,final_ftr_season_fold_residual,fresh_ast_pct_season_fold_residual,fresh_tov_pct_season_fold_residual,fresh_ts_pct_season_fold_residual,fresh_ftr_season_fold_residual,avg_ast_pct_season_fold_residual,avg_tov_pct_season_fold_residual,avg_ts_pct_season_fold_residual,avg_ftr_season_fold_residual,max_ast_pct_season_fold_residual,max_tov_pct_season_fold_residual,max_ts_pct_season_fold_residual,max_ftr_season_fold_residual,traj_ast_pct_season_fold_residual,traj_tov_pct_season_fold_residual,traj_ts_pct_season_fold_residual,traj_ftr_season_fold_residual,wavg_ast_pct_season_fold_residual,wavg_tov_pct_season_fold_residual,wavg_ts_pct_season_fold_residual,wavg_ftr_season_fold_residual",,,,,,UNSCORED_MISSING_DATA
2026039,Jack Kayil,2026,39,Alba Berlin,0.0,PG,International,PG,2025-26,International,20.4,39,,,combo_guard,guard,76.75,189.0,,,PG,PG,loyo_train_through_2021,21.217391304347828,12.2,3.0,3.6,1.0,0.2,,28.8,,,,,,,0.536,,,,,,,,False,"college_ast_pct,college_tov_pct,college_efg_pct,college_ftr,college_fg3a_rate,college_fg3_pct,college_ft_pct,college_fg_pct,wingspan,wingspan_height_diff,college_sos,years_in_college,college_usg_pct_fold_expected,college_usg_pct_fold_vs_expected,college_ast_pct_fold_expected,college_ast_pct_fold_vs_expected,college_tov_pct_fold_expected,college_tov_pct_fold_vs_expected,college_ftr_fold_expected,college_ftr_fold_vs_expected,college_fg3a_rate_fold_expected,college_fg3a_rate_fold_vs_expected,college_ast_pct_usage_fold_expected,college_ast_pct_usage_fold_adjusted,college_tov_pct_usage_fold_expected,college_tov_pct_usage_fold_adjusted,college_ftr_usage_fold_expected,college_ftr_usage_fold_adjusted,college_fg3a_rate_usage_fold_expected,college_fg3a_rate_usage_fold_adjusted,final_ast_pct_season_fold_residual,final_tov_pct_season_fold_residual,final_ts_pct_season_fold_residual,final_ftr_season_fold_residual,fresh_ast_pct_season_fold_residual,fresh_tov_pct_season_fold_residual,fresh_ts_pct_season_fold_residual,fresh_ftr_season_fold_residual,avg_ast_pct_season_fold_residual,avg_tov_pct_season_fold_residual,avg_ts_pct_season_fold_residual,avg_ftr_season_fold_residual,max_ast_pct_season_fold_residual,max_tov_pct_season_fold_residual,max_ts_pct_season_fold_residual,max_ftr_season_fold_residual,traj_ast_pct_season_fold_residual,traj_tov_pct_season_fold_residual,traj_ts_pct_season_fold_residual,traj_ftr_season_fold_residual,wavg_ast_pct_season_fold_residual,wavg_tov_pct_season_fold_residual,wavg_ts_pct_season_fold_residual,wavg_ftr_season_fold_residual",,,,,,UNSCORED_MISSING_DATA
2026040,Ugonna Onyenso,2026,40,Virginia,4.0,C,Senior,C,2025-26,SR,21.7,40,,,dominant_big,center,84.25,237.0,,,C,C,loyo_train_through_2021,18.571428571428573,6.5,4.9,0.6,0.6,2.9,,15.5,,,,,,,0.616,12.2,4.7,7.6,,,,,False,"college_ast_pct,college_tov_pct,college_efg_pct,college_ftr,college_fg3a_rate,college_fg3_pct,college_ft_pct,college_fg_pct,wingspan,wingspan_height_diff,college_sos,college_usg_pct_fold_expected,college_usg_pct_fold_vs_expected,college_ast_pct_fold_expected,college_ast_pct_fold_vs_expected,college_tov_pct_fold_expected,college_tov_pct_fold_vs_expected,college_ftr_fold_expected,college_ftr_fold_vs_expected,college_fg3a_rate_fold_expected,college_fg3a_rate_fold_vs_expected,college_ast_pct_usage_fold_expected,college_ast_pct_usage_fold_adjusted,college_tov_pct_usage_fold_expected,college_tov_pct_usage_fold_adjusted,college_ftr_usage_fold_expected,college_ftr_usage_fold_adjusted,college_fg3a_rate_usage_fold_expected,college_fg3a_rate_usage_fold_adjusted,final_ast_pct_season_fold_residual,final_tov_pct_season_fold_residual,final_ts_pct_season_fold_residual,final_ftr_season_fold_residual,fresh_ast_pct_season_fold_residual,fresh_tov_pct_season_fold_residual,fresh_ts_pct_season_fold_residual,fresh_ftr_season_fold_residual,avg_ast_pct_season_fold_residual,avg_tov_pct_season_fold_residual,avg_ts_pct_season_fold_residual,avg_ftr_season_fold_residual,max_ast_pct_season_fold_residual,max_tov_pct_season_fold_residual,max_ts_pct_season_fold_residual,max_ftr_season_fold_residual,traj_ast_pct_season_fold_residual,traj_tov_pct_season_fold_residual,traj_ts_pct_season_fold_residual,traj_ftr_season_fold_residual,wavg_ast_pct_season_fold_residual,wavg_tov_pct_season_fold_residual,wavg_ts_pct_season_fold_residual,wavg_ftr_season_fold_residual",,,,,,UNSCORED_MISSING_DATA
2026041,Ja'Kobi Gillespie,2026,41,Tennessee,0.0,PG,Senior,PG,2025-26,SR,22.3,41,,,combo_guard,small_guard,73.0,182.0,,,PG,PG,loyo_train_through_2021,34.680628272251305,18.4,2.8,5.4,2.1,0.2,,26.9,,,,,,,0.538,10.9,6.4,4.5,12.7,,,,False,"college_ast_pct,college_tov_pct,college_efg_pct,college_ftr,college_fg3a_rate,college_fg3_pct,college_ft_pct,college_fg_pct,wingspan,wingspan_height_diff,college_ast_pct_fold_vs_expected,college_tov_pct_fold_vs_expected,college_ftr_fold_vs_expected,college_fg3a_rate_fold_vs_expected,college_ast_pct_usage_fold_adjusted,college_tov_pct_usage_fold_adjusted,college_ftr_usage_fold_adjusted,college_fg3a_rate_usage_fold_adjusted,final_ast_pct_season_fold_residual,final_tov_pct_season_fold_residual,final_ts_pct_season_fold_residual,final_ftr_season_fold_residual,fresh_ast_pct_season_fold_residual,fresh_tov_pct_season_fold_residual,fresh_ts_pct_season_fold_residual,fresh_ftr_season_fold_residual,avg_ast_pct_season_fold_residual,avg_tov_pct_season_fold_residual,avg_ts_pct_season_fold_residual,avg_ftr_season_fold_residual,max_ast_pct_season_fold_residual,max_tov_pct_season_fold_residual,max_ts_pct_season_fold_residual,max_ftr_season_fold_residual,traj_ast_pct_season_fold_residual,traj_tov_pct_season_fold_residual,traj_ts_pct_season_fold_residual,traj_ftr_season_fold_residual,wavg_ast_pct_season_fold_residual,wavg_tov_pct_season_fold_residual,wavg_ts_pct_season_fold_residual,wavg_ftr_season_fold_residual",,,,,,UNSCORED_MISSING_DATA
2026042,Emanuel Sharp,2026,42,Houston,1.0,SG,Senior,SG,2025-26,SR,22.3,42,,,role_path,guard,76.0,208.0,,,SG,SG,loyo_train_through_2021,29.523809523809526,15.5,3.0,1.7,1.2,0.1,,25.0,,,,,,,0.582,10.7,5.9,4.8,11.7,,,,False,"college_ast_pct,college_tov_pct,college_efg_pct,college_ftr,college_fg3a_rate,college_fg3_pct,college_ft_pct,college_fg_pct,wingspan,wingspan_height_diff,college_ast_pct_fold_vs_expected,college_tov_pct_fold_vs_expected,college_ftr_fold_vs_expected,college_fg3a_rate_fold_vs_expected,college_ast_pct_usage_fold_adjusted,college_tov_pct_usage_fold_adjusted,college_ftr_usage_fold_adjusted,college_fg3a_rate_usage_fold_adjusted,final_ast_pct_season_fold_residual,final_tov_pct_season_fold_residual,final_ts_pct_season_fold_residual,final_ftr_season_fold_residual,fresh_ast_pct_season_fold_residual,fresh_tov_pct_season_fold_residual,fresh_ts_pct_season_fold_residual,fresh_ftr_season_fold_residual,avg_ast_pct_season_fold_residual,avg_tov_pct_season_fold_residual,avg_ts_pct_season_fold_residual,avg_ftr_season_fold_residual,max_ast_pct_season_fold_residual,max_tov_pct_season_fold_residual,max_ts_pct_season_fold_residual,max_ftr_season_fold_residual,traj_ast_pct_season_fold_residual,traj_tov_pct_season_fold_residual,traj_ts_pct_season_fold_residual,traj_ftr_season_fold_residual,wavg_ast_pct_season_fold_residual,wavg_tov_pct_season_fold_residual,wavg_ts_pct_season_fold_residual,wavg_ftr_season_fold_residual",,,,,,UNSCORED_MISSING_DATA
2026043,Nick Martinelli,2026,43,Northwestern,2.0,SF,Senior,SF,2025-26,SR,22.2,43,,,connector_forward,wing,79.75,224.0,,,SF,SF,loyo_train_through_2021,35.53648068669528,23.0,6.2,2.0,0.8,0.4,,31.1,,,,,,,0.602,8.6,8.0,0.6,,,,,False,"college_ast_pct,college_tov_pct,college_efg_pct,college_ftr,college_fg3a_rate,college_fg3_pct,college_ft_pct,college_fg_pct,wingspan,wingspan_height_diff,college_sos,college_usg_pct_fold_expected,college_usg_pct_fold_vs_expected,college_ast_pct_fold_expected,college_ast_pct_fold_vs_expected,college_tov_pct_fold_expected,college_tov_pct_fold_vs_expected,college_ftr_fold_expected,college_ftr_fold_vs_expected,college_fg3a_rate_fold_expected,college_fg3a_rate_fold_vs_expected,college_ast_pct_usage_fold_expected,college_ast_pct_usage_fold_adjusted,college_tov_pct_usage_fold_expected,college_tov_pct_usage_fold_adjusted,college_ftr_usage_fold_expected,college_ftr_usage_fold_adjusted,college_fg3a_rate_usage_fold_expected,college_fg3a_rate_usage_fold_adjusted,final_ast_pct_season_fold_residual,final_tov_pct_season_fold_residual,final_ts_pct_season_fold_residual,final_ftr_season_fold_residual,fresh_ast_pct_season_fold_residual,fresh_tov_pct_season_fold_residual,fresh_ts_pct_season_fold_residual,fresh_ftr_season_fold_residual,avg_ast_pct_season_fold_residual,avg_tov_pct_season_fold_residual,avg_ts_pct_season_fold_residual,avg_ftr_season_fold_residual,max_ast_pct_season_fold_residual,max_tov_pct_season_fold_residual,max_ts_pct_season_fold_residual,max_ftr_season_fold_residual,traj_ast_pct_season_fold_residual,traj_tov_pct_season_fold_residual,traj_ts_pct_season_fold_residual,traj_ftr_season_fold_residual,wavg_ast_pct_season_fold_residual,wavg_tov_pct_season_fold_residual,wavg_ts_pct_season_fold_residual,wavg_ftr_season_fold_residual",,,,,,UNSCORED_MISSING_DATA
2026044,Izaiyah Nelson,2026,44,South Florida,3.0,PF/C,Senior,PF/C,2025-26,SR,22.7,44,,,dominant_big,forward_big,81.5,219.0,,,PF,PF,loyo_train_through_2021,27.38755980861244,15.9,9.6,1.2,1.6,1.4,,23.7,,,,,,,0.612,9.2,5.9,3.3,,,,,False,"college_ast_pct,college_tov_pct,college_efg_pct,college_ftr,college_fg3a_rate,college_fg3_pct,college_ft_pct,college_fg_pct,wingspan,wingspan_height_diff,college_sos,college_usg_pct_fold_expected,college_usg_pct_fold_vs_expected,college_ast_pct_fold_expected,college_ast_pct_fold_vs_expected,college_tov_pct_fold_expected,college_tov_pct_fold_vs_expected,college_ftr_fold_expected,college_ftr_fold_vs_expected,college_fg3a_rate_fold_expected,college_fg3a_rate_fold_vs_expected,college_ast_pct_usage_fold_expected,college_ast_pct_usage_fold_adjusted,college_tov_pct_usage_fold_expected,college_tov_pct_usage_fold_adjusted,college_ftr_usage_fold_expected,college_ftr_usage_fold_adjusted,college_fg3a_rate_usage_fold_expected,college_fg3a_rate_usage_fold_adjusted,final_ast_pct_season_fold_residual,final_tov_pct_season_fold_residual,final_ts_pct_season_fold_residual,final_ftr_season_fold_residual,fresh_ast_pct_season_fold_residual,fresh_tov_pct_season_fold_residual,fresh_ts_pct_season_fold_residual,fresh_ftr_season_fold_residual,avg_ast_pct_season_fold_residual,avg_tov_pct_season_fold_residual,avg_ts_pct_season_fold_residual,avg_ftr_season_fold_residual,max_ast_pct_season_fold_residual,max_tov_pct_season_fold_residual,max_ts_pct_season_fold_residual,max_ftr_season_fold_residual,traj_ast_pct_season_fold_residual,traj_tov_pct_season_fold_residual,traj_ts_pct_season_fold_residual,traj_ftr_season_fold_residual,wavg_ast_pct_season_fold_residual,wavg_tov_pct_season_fold_residual,wavg_ts_pct_season_fold_residual,wavg_ftr_season_fold_residual",,,,,,UNSCORED_MISSING_DATA
2026045,Dillon Mitchell,2026,45,St. John's,2.0,SF,Senior,SF,2025-26,SR,22.7,45,,,connector_forward,wing,80.0,202.0,,,SF,SF,loyo_train_through_2021,27.925233644859816,8.3,7.0,3.0,1.3,0.7,,14.5,,,,,,,0.555,9.3,3.9,5.3,,,,,False,"college_ast_pct,college_tov_pct,college_efg_pct,college_ftr,college_fg3a_rate,college_fg3_pct,college_ft_pct,college_fg_pct,wingspan,wingspan_height_diff,college_sos,college_usg_pct_fold_expected,college_usg_pct_fold_vs_expected,college_ast_pct_fold_expected,college_ast_pct_fold_vs_expected,college_tov_pct_fold_expected,college_tov_pct_fold_vs_expected,college_ftr_fold_expected,college_ftr_fold_vs_expected,college_fg3a_rate_fold_expected,college_fg3a_rate_fold_vs_expected,college_ast_pct_usage_fold_expected,college_ast_pct_usage_fold_adjusted,college_tov_pct_usage_fold_expected,college_tov_pct_usage_fold_adjusted,college_ftr_usage_fold_expected,college_ftr_usage_fold_adjusted,college_fg3a_rate_usage_fold_expected,college_fg3a_rate_usage_fold_adjusted,final_ast_pct_season_fold_residual,final_tov_pct_season_fold_residual,final_ts_pct_season_fold_residual,final_ftr_season_fold_residual,fresh_ast_pct_season_fold_residual,fresh_tov_pct_season_fold_residual,fresh_ts_pct_season_fold_residual,fresh_ftr_season_fold_residual,avg_ast_pct_season_fold_residual,avg_tov_pct_season_fold_residual,avg_ts_pct_season_fold_residual,avg_ftr_season_fold_residual,max_ast_pct_season_fold_residual,max_tov_pct_season_fold_residual,max_ts_pct_season_fold_residual,max_ftr_season_fold_residual,traj_ast_pct_season_fold_residual,traj_tov_pct_season_fold_residual,traj_ts_pct_season_fold_residual,traj_ftr_season_fold_residual,wavg_ast_pct_season_fold_residual,wavg_tov_pct_season_fold_residual,wavg_ts_pct_season_fold_residual,wavg_ftr_season_fold_residual",,,,,,UNSCORED_MISSING_DATA
2026046,Otega Oweh,2026,46,Kentucky,1.0,SG,Senior,SG,2025-26,SR,22.9,46,,,scoring_wing,guard,77.5,216.0,,,SG,SG,loyo_train_through_2021,32.66341463414634,18.6,4.8,2.7,1.8,0.3,,28.4,,,,,,,0.554,7.4,4.0,3.4,12.96,,,,False,"college_ast_pct,college_tov_pct,college_efg_pct,college_ftr,college_fg3a_rate,college_fg3_pct,college_ft_pct,college_fg_pct,wingspan,wingspan_height_diff,college_ast_pct_fold_vs_expected,college_tov_pct_fold_vs_expected,college_ftr_fold_vs_expected,college_fg3a_rate_fold_vs_expected,college_ast_pct_usage_fold_adjusted,college_tov_pct_usage_fold_adjusted,college_ftr_usage_fold_adjusted,college_fg3a_rate_usage_fold_adjusted,final_ast_pct_season_fold_residual,final_tov_pct_season_fold_residual,final_ts_pct_season_fold_residual,final_ftr_season_fold_residual,fresh_ast_pct_season_fold_residual,fresh_tov_pct_season_fold_residual,fresh_ts_pct_season_fold_residual,fresh_ftr_season_fold_residual,avg_ast_pct_season_fold_residual,avg_tov_pct_season_fold_residual,avg_ts_pct_season_fold_residual,avg_ftr_season_fold_residual,max_ast_pct_season_fold_residual,max_tov_pct_season_fold_residual,max_ts_pct_season_fold_residual,max_ftr_season_fold_residual,traj_ast_pct_season_fold_residual,traj_tov_pct_season_fold_residual,traj_ts_pct_season_fold_residual,traj_ftr_season_fold_residual,wavg_ast_pct_season_fold_residual,wavg_tov_pct_season_fold_residual,wavg_ts_pct_season_fold_residual,wavg_ftr_season_fold_residual",,,,,,UNSCORED_MISSING_DATA
2026047,Bruce Thornton,2026,47,Ohio State,0.0,PG,Senior,PG,2025-26,SR,22.8,47,,,combo_guard,small_guard,73.25,223.0,,,PG,PG,loyo_train_through_2021,36.55102040816326,19.9,5.1,3.9,1.1,0.2,,23.6,,,,,,,0.665,12.7,9.5,3.2,,,,,False,"college_ast_pct,college_tov_pct,college_efg_pct,college_ftr,college_fg3a_rate,college_fg3_pct,college_ft_pct,college_fg_pct,wingspan,wingspan_height_diff,college_sos,college_usg_pct_fold_expected,college_usg_pct_fold_vs_expected,college_ast_pct_fold_expected,college_ast_pct_fold_vs_expected,college_tov_pct_fold_expected,college_tov_pct_fold_vs_expected,college_ftr_fold_expected,college_ftr_fold_vs_expected,college_fg3a_rate_fold_expected,college_fg3a_rate_fold_vs_expected,college_ast_pct_usage_fold_expected,college_ast_pct_usage_fold_adjusted,college_tov_pct_usage_fold_expected,college_tov_pct_usage_fold_adjusted,college_ftr_usage_fold_expected,college_ftr_usage_fold_adjusted,college_fg3a_rate_usage_fold_expected,college_fg3a_rate_usage_fold_adjusted,final_ast_pct_season_fold_residual,final_tov_pct_season_fold_residual,final_ts_pct_season_fold_residual,final_ftr_season_fold_residual,fresh_ast_pct_season_fold_residual,fresh_tov_pct_season_fold_residual,fresh_ts_pct_season_fold_residual,fresh_ftr_season_fold_residual,avg_ast_pct_season_fold_residual,avg_tov_pct_season_fold_residual,avg_ts_pct_season_fold_residual,avg_ftr_season_fold_residual,max_ast_pct_season_fold_residual,max_tov_pct_season_fold_residual,max_ts_pct_season_fold_residual,max_ftr_season_fold_residual,traj_ast_pct_season_fold_residual,traj_tov_pct_season_fold_residual,traj_ts_pct_season_fold_residual,traj_ftr_season_fold_residual,wavg_ast_pct_season_fold_residual,wavg_tov_pct_season_fold_residual,wavg_ts_pct_season_fold_residual,wavg_ftr_season_fold_residual",,,,,,UNSCORED_MISSING_DATA
2026048,Maliq Brown,2026,48,Duke,3.0,PF,Senior,PF,2025-26,SR,22.6,48,,,dominant_big,forward_big,81.25,217.0,,,PF,PF,loyo_train_through_2021,20.045454545454543,4.9,5.2,1.6,1.8,0.6,,12.7,,,,,,,0.634,11.6,2.6,8.9,12.15,,,,False,"college_ast_pct,college_tov_pct,college_efg_pct,college_ftr,college_fg3a_rate,college_fg3_pct,college_ft_pct,college_fg_pct,wingspan,wingspan_height_diff,college_ast_pct_fold_vs_expected,college_tov_pct_fold_vs_expected,college_ftr_fold_vs_expected,college_fg3a_rate_fold_vs_expected,college_ast_pct_usage_fold_adjusted,college_tov_pct_usage_fold_adjusted,college_ftr_usage_fold_adjusted,college_fg3a_rate_usage_fold_adjusted,final_ast_pct_season_fold_residual,final_tov_pct_season_fold_residual,final_ts_pct_season_fold_residual,final_ftr_season_fold_residual,fresh_ast_pct_season_fold_residual,fresh_tov_pct_season_fold_residual,fresh_ts_pct_season_fold_residual,fresh_ftr_season_fold_residual,avg_ast_pct_season_fold_residual,avg_tov_pct_season_fold_residual,avg_ts_pct_season_fold_residual,avg_ftr_season_fold_residual,max_ast_pct_season_fold_residual,max_tov_pct_season_fold_residual,max_ts_pct_season_fold_residual,max_ftr_season_fold_residual,traj_ast_pct_season_fold_residual,traj_tov_pct_season_fold_residual,traj_ts_pct_season_fold_residual,traj_ftr_season_fold_residual,wavg_ast_pct_season_fold_residual,wavg_tov_pct_season_fold_residual,wavg_ts_pct_season_fold_residual,wavg_ftr_season_fold_residual",,,,,,UNSCORED_MISSING_DATA
2026049,Tyler Nickel,2026,49,Vanderbilt,1.0,SG,Senior,SG,2025-26,SR,22.8,49,,,scoring_wing,wing,79.25,217.0,,,SG,SG,loyo_train_through_2021,30.566037735849054,13.5,3.3,1.2,0.8,0.5,,18.9,,,,,,,0.617,7.5,6.0,1.4,,,,,False,"college_ast_pct,college_tov_pct,college_efg_pct,college_ftr,college_fg3a_rate,college_fg3_pct,college_ft_pct,college_fg_pct,wingspan,wingspan_height_diff,college_sos,college_usg_pct_fold_expected,college_usg_pct_fold_vs_expected,college_ast_pct_fold_expected,college_ast_pct_fold_vs_expected,college_tov_pct_fold_expected,college_tov_pct_fold_vs_expected,college_ftr_fold_expected,college_ftr_fold_vs_expected,college_fg3a_rate_fold_expected,college_fg3a_rate_fold_vs_expected,college_ast_pct_usage_fold_expected,college_ast_pct_usage_fold_adjusted,college_tov_pct_usage_fold_expected,college_tov_pct_usage_fold_adjusted,college_ftr_usage_fold_expected,college_ftr_usage_fold_adjusted,college_fg3a_rate_usage_fold_expected,college_fg3a_rate_usage_fold_adjusted,final_ast_pct_season_fold_residual,final_tov_pct_season_fold_residual,final_ts_pct_season_fold_residual,final_ftr_season_fold_residual,fresh_ast_pct_season_fold_residual,fresh_tov_pct_season_fold_residual,fresh_ts_pct_season_fold_residual,fresh_ftr_season_fold_residual,avg_ast_pct_season_fold_residual,avg_tov_pct_season_fold_residual,avg_ts_pct_season_fold_residual,avg_ftr_season_fold_residual,max_ast_pct_season_fold_residual,max_tov_pct_season_fold_residual,max_ts_pct_season_fold_residual,max_ftr_season_fold_residual,traj_ast_pct_season_fold_residual,traj_tov_pct_season_fold_residual,traj_ts_pct_season_fold_residual,traj_ftr_season_fold_residual,wavg_ast_pct_season_fold_residual,wavg_tov_pct_season_fold_residual,wavg_ts_pct_season_fold_residual,wavg_ftr_season_fold_residual",,,,,,UNSCORED_MISSING_DATA
2026050,Tyler Bilodeau,2026,50,UCLA,3.0,PF,Senior,PF,2025-26,SR,22.2,50,,,connector_forward,wing,80.5,228.0,,,PF,PF,loyo_train_through_2021,30.028436018957343,17.6,5.6,1.1,0.5,0.4,,25.8,,,,,,,0.656,8.9,7.5,1.4,,,,,False,"college_ast_pct,college_tov_pct,college_efg_pct,college_ftr,college_fg3a_rate,college_fg3_pct,college_ft_pct,college_fg_pct,wingspan,wingspan_height_diff,college_sos,college_usg_pct_fold_expected,college_usg_pct_fold_vs_expected,college_ast_pct_fold_expected,college_ast_pct_fold_vs_expected,college_tov_pct_fold_expected,college_tov_pct_fold_vs_expected,college_ftr_fold_expected,college_ftr_fold_vs_expected,college_fg3a_rate_fold_expected,college_fg3a_rate_fold_vs_expected,college_ast_pct_usage_fold_expected,college_ast_pct_usage_fold_adjusted,college_tov_pct_usage_fold_expected,college_tov_pct_usage_fold_adjusted,college_ftr_usage_fold_expected,college_ftr_usage_fold_adjusted,college_fg3a_rate_usage_fold_expected,college_fg3a_rate_usage_fold_adjusted,final_ast_pct_season_fold_residual,final_tov_pct_season_fold_residual,final_ts_pct_season_fold_residual,final_ftr_season_fold_residual,fresh_ast_pct_season_fold_residual,fresh_tov_pct_season_fold_residual,fresh_ts_pct_season_fold_residual,fresh_ftr_season_fold_residual,avg_ast_pct_season_fold_residual,avg_tov_pct_season_fold_residual,avg_ts_pct_season_fold_residual,avg_ftr_season_fold_residual,max_ast_pct_season_fold_residual,max_tov_pct_season_fold_residual,max_ts_pct_season_fold_residual,max_ftr_season_fold_residual,traj_ast_pct_season_fold_residual,traj_tov_pct_season_fold_residual,traj_ts_pct_season_fold_residual,traj_ftr_season_fold_residual,wavg_ast_pct_season_fold_residual,wavg_tov_pct_season_fold_residual,wavg_ts_pct_season_fold_residual,wavg_ftr_season_fold_residual",,,,,,UNSCORED_MISSING_DATA
2026051,Felix Okpara,2026,51,Tennessee,4.0,C,Senior,C,2025-26,SR,22.2,51,,,dominant_big,forward_big,83.25,237.0,,,C,C,loyo_train_through_2021,26.915887850467293,8.0,6.3,0.5,0.4,1.5,,13.4,,,,,,,0.617,5.5,1.8,3.6,12.7,,,,False,"college_ast_pct,college_tov_pct,college_efg_pct,college_ftr,college_fg3a_rate,college_fg3_pct,college_ft_pct,college_fg_pct,wingspan,wingspan_height_diff,college_ast_pct_fold_vs_expected,college_tov_pct_fold_vs_expected,college_ftr_fold_vs_expected,college_fg3a_rate_fold_vs_expected,college_ast_pct_usage_fold_adjusted,college_tov_pct_usage_fold_adjusted,college_ftr_usage_fold_adjusted,college_fg3a_rate_usage_fold_adjusted,final_ast_pct_season_fold_residual,final_tov_pct_season_fold_residual,final_ts_pct_season_fold_residual,final_ftr_season_fold_residual,fresh_ast_pct_season_fold_residual,fresh_tov_pct_season_fold_residual,fresh_ts_pct_season_fold_residual,fresh_ftr_season_fold_residual,avg_ast_pct_season_fold_residual,avg_tov_pct_season_fold_residual,avg_ts_pct_season_fold_residual,avg_ftr_season_fold_residual,max_ast_pct_season_fold_residual,max_tov_pct_season_fold_residual,max_ts_pct_season_fold_residual,max_ftr_season_fold_residual,traj_ast_pct_season_fold_residual,traj_tov_pct_season_fold_residual,traj_ts_pct_season_fold_residual,traj_ftr_season_fold_residual,wavg_ast_pct_season_fold_residual,wavg_tov_pct_season_fold_residual,wavg_ts_pct_season_fold_residual,wavg_ftr_season_fold_residual",,,,,,UNSCORED_MISSING_DATA
2026052,Braden Smith,2026,52,Purdue,0.0,PG,Senior,PG,2025-26,SR,22.9,52,,,combo_guard,small_guard,71.5,167.0,,,PG,PG,loyo_train_through_2021,34.550335570469805,14.3,3.5,8.8,1.7,0.2,,24.0,,,,,,,0.551,9.8,6.8,3.0,,,,,False,"college_ast_pct,college_tov_pct,college_efg_pct,college_ftr,college_fg3a_rate,college_fg3_pct,college_ft_pct,college_fg_pct,wingspan,wingspan_height_diff,college_sos,college_usg_pct_fold_expected,college_usg_pct_fold_vs_expected,college_ast_pct_fold_expected,college_ast_pct_fold_vs_expected,college_tov_pct_fold_expected,college_tov_pct_fold_vs_expected,college_ftr_fold_expected,college_ftr_fold_vs_expected,college_fg3a_rate_fold_expected,college_fg3a_rate_fold_vs_expected,college_ast_pct_usage_fold_expected,college_ast_pct_usage_fold_adjusted,college_tov_pct_usage_fold_expected,college_tov_pct_usage_fold_adjusted,college_ftr_usage_fold_expected,college_ftr_usage_fold_adjusted,college_fg3a_rate_usage_fold_expected,college_fg3a_rate_usage_fold_adjusted,final_ast_pct_season_fold_residual,final_tov_pct_season_fold_residual,final_ts_pct_season_fold_residual,final_ftr_season_fold_residual,fresh_ast_pct_season_fold_residual,fresh_tov_pct_season_fold_residual,fresh_ts_pct_season_fold_residual,fresh_ftr_season_fold_residual,avg_ast_pct_season_fold_residual,avg_tov_pct_season_fold_residual,avg_ts_pct_season_fold_residual,avg_ftr_season_fold_residual,max_ast_pct_season_fold_residual,max_tov_pct_season_fold_residual,max_ts_pct_season_fold_residual,max_ftr_season_fold_residual,traj_ast_pct_season_fold_residual,traj_tov_pct_season_fold_residual,traj_ts_pct_season_fold_residual,traj_ftr_season_fold_residual,wavg_ast_pct_season_fold_residual,wavg_tov_pct_season_fold_residual,wavg_ts_pct_season_fold_residual,wavg_ftr_season_fold_residual",,,,,,UNSCORED_MISSING_DATA
2026053,Tamin Lipsey,2026,53,Iowa State,0.0,PG,Senior,PG,2025-26,SR,22.9,53,,,combo_guard,small_guard,73.0,200.0,,,PG,PG,loyo_train_through_2021,31.558441558441558,13.5,3.9,5.1,2.3,0.0,,22.1,,,,,,,0.54,11.3,5.5,5.8,10.27,,,,False,"college_ast_pct,college_tov_pct,college_efg_pct,college_ftr,college_fg3a_rate,college_fg3_pct,college_ft_pct,college_fg_pct,wingspan,wingspan_height_diff,college_ast_pct_fold_vs_expected,college_tov_pct_fold_vs_expected,college_ftr_fold_vs_expected,college_fg3a_rate_fold_vs_expected,college_ast_pct_usage_fold_adjusted,college_tov_pct_usage_fold_adjusted,college_ftr_usage_fold_adjusted,college_fg3a_rate_usage_fold_adjusted,final_ast_pct_season_fold_residual,final_tov_pct_season_fold_residual,final_ts_pct_season_fold_residual,final_ftr_season_fold_residual,fresh_ast_pct_season_fold_residual,fresh_tov_pct_season_fold_residual,fresh_ts_pct_season_fold_residual,fresh_ftr_season_fold_residual,avg_ast_pct_season_fold_residual,avg_tov_pct_season_fold_residual,avg_ts_pct_season_fold_residual,avg_ftr_season_fold_residual,max_ast_pct_season_fold_residual,max_tov_pct_season_fold_residual,max_ts_pct_season_fold_residual,max_ftr_season_fold_residual,traj_ast_pct_season_fold_residual,traj_tov_pct_season_fold_residual,traj_ts_pct_season_fold_residual,traj_ftr_season_fold_residual,wavg_ast_pct_season_fold_residual,wavg_tov_pct_season_fold_residual,wavg_ts_pct_season_fold_residual,wavg_ftr_season_fold_residual",,,,,,UNSCORED_MISSING_DATA
2026054,Milos Uzan,2026,54,Houston,0.0,PG,Senior,PG,2025-26,SR,23.5,54,,,combo_guard,guard,76.25,185.0,,,PG,PG,loyo_train_through_2021,33.02479338842975,11.1,2.7,4.0,1.0,0.1,,19.6,,,,,,,0.493,6.4,2.6,3.8,11.7,,,,False,"college_ast_pct,college_tov_pct,college_efg_pct,college_ftr,college_fg3a_rate,college_fg3_pct,college_ft_pct,college_fg_pct,wingspan,wingspan_height_diff,college_ast_pct_fold_vs_expected,college_tov_pct_fold_vs_expected,college_ftr_fold_vs_expected,college_fg3a_rate_fold_vs_expected,college_ast_pct_usage_fold_adjusted,college_tov_pct_usage_fold_adjusted,college_ftr_usage_fold_adjusted,college_fg3a_rate_usage_fold_adjusted,final_ast_pct_season_fold_residual,final_tov_pct_season_fold_residual,final_ts_pct_season_fold_residual,final_ftr_season_fold_residual,fresh_ast_pct_season_fold_residual,fresh_tov_pct_season_fold_residual,fresh_ts_pct_season_fold_residual,fresh_ftr_season_fold_residual,avg_ast_pct_season_fold_residual,avg_tov_pct_season_fold_residual,avg_ts_pct_season_fold_residual,avg_ftr_season_fold_residual,max_ast_pct_season_fold_residual,max_tov_pct_season_fold_residual,max_ts_pct_season_fold_residual,max_ftr_season_fold_residual,traj_ast_pct_season_fold_residual,traj_tov_pct_season_fold_residual,traj_ts_pct_season_fold_residual,traj_ftr_season_fold_residual,wavg_ast_pct_season_fold_residual,wavg_tov_pct_season_fold_residual,wavg_ts_pct_season_fold_residual,wavg_ftr_season_fold_residual",,,,,,UNSCORED_MISSING_DATA
2026055,Kylan Boswell,2026,55,Illinois,0.0,PG,Senior,PG,2025-26,SR,21.2,55,,,combo_guard,small_guard,74.5,226.0,,,PG,PG,loyo_train_through_2021,30.122448979591837,12.3,4.0,3.0,0.7,0.0,,20.4,,,,,,,0.559,7.0,3.9,3.1,12.23,,,,False,"college_ast_pct,college_tov_pct,college_efg_pct,college_ftr,college_fg3a_rate,college_fg3_pct,college_ft_pct,college_fg_pct,wingspan,wingspan_height_diff,college_ast_pct_fold_vs_expected,college_tov_pct_fold_vs_expected,college_ftr_fold_vs_expected,college_fg3a_rate_fold_vs_expected,college_ast_pct_usage_fold_adjusted,college_tov_pct_usage_fold_adjusted,college_ftr_usage_fold_adjusted,college_fg3a_rate_usage_fold_adjusted,final_ast_pct_season_fold_residual,final_tov_pct_season_fold_residual,final_ts_pct_season_fold_residual,final_ftr_season_fold_residual,fresh_ast_pct_season_fold_residual,fresh_tov_pct_season_fold_residual,fresh_ts_pct_season_fold_residual,fresh_ftr_season_fold_residual,avg_ast_pct_season_fold_residual,avg_tov_pct_season_fold_residual,avg_ts_pct_season_fold_residual,avg_ftr_season_fold_residual,max_ast_pct_season_fold_residual,max_tov_pct_season_fold_residual,max_ts_pct_season_fold_residual,max_ftr_season_fold_residual,traj_ast_pct_season_fold_residual,traj_tov_pct_season_fold_residual,traj_ts_pct_season_fold_residual,traj_ftr_season_fold_residual,wavg_ast_pct_season_fold_residual,wavg_tov_pct_season_fold_residual,wavg_ts_pct_season_fold_residual,wavg_ftr_season_fold_residual",,,,,,UNSCORED_MISSING_DATA
2026056,Tobi Lawal,2026,56,Virginia Tech,3.0,PF,Senior,PF,2025-26,SR,23.1,56,,,connector_forward,wing,80.5,214.0,,,PF,PF,loyo_train_through_2021,29.131578947368425,12.3,8.5,0.6,0.3,1.1,,20.0,,,,,,,0.635,3.9,2.3,1.6,,,,,False,"college_ast_pct,college_tov_pct,college_efg_pct,college_ftr,college_fg3a_rate,college_fg3_pct,college_ft_pct,college_fg_pct,wingspan,wingspan_height_diff,college_sos,college_usg_pct_fold_expected,college_usg_pct_fold_vs_expected,college_ast_pct_fold_expected,college_ast_pct_fold_vs_expected,college_tov_pct_fold_expected,college_tov_pct_fold_vs_expected,college_ftr_fold_expected,college_ftr_fold_vs_expected,college_fg3a_rate_fold_expected,college_fg3a_rate_fold_vs_expected,college_ast_pct_usage_fold_expected,college_ast_pct_usage_fold_adjusted,college_tov_pct_usage_fold_expected,college_tov_pct_usage_fold_adjusted,college_ftr_usage_fold_expected,college_ftr_usage_fold_adjusted,college_fg3a_rate_usage_fold_expected,college_fg3a_rate_usage_fold_adjusted,final_ast_pct_season_fold_residual,final_tov_pct_season_fold_residual,final_ts_pct_season_fold_residual,final_ftr_season_fold_residual,fresh_ast_pct_season_fold_residual,fresh_tov_pct_season_fold_residual,fresh_ts_pct_season_fold_residual,fresh_ftr_season_fold_residual,avg_ast_pct_season_fold_residual,avg_tov_pct_season_fold_residual,avg_ts_pct_season_fold_residual,avg_ftr_season_fold_residual,max_ast_pct_season_fold_residual,max_tov_pct_season_fold_residual,max_ts_pct_season_fold_residual,max_ftr_season_fold_residual,traj_ast_pct_season_fold_residual,traj_tov_pct_season_fold_residual,traj_ts_pct_season_fold_residual,traj_ftr_season_fold_residual,wavg_ast_pct_season_fold_residual,wavg_tov_pct_season_fold_residual,wavg_ts_pct_season_fold_residual,wavg_ftr_season_fold_residual",,,,,,UNSCORED_MISSING_DATA
2026057,Rafael Castro,2026,57,George Washington,4.0,C,Senior,C,2025-26,SR,23.2,57,,,dominant_big,forward_big,82.25,224.0,,,C,C,loyo_train_through_2021,27.402985074626866,15.3,9.1,1.7,1.8,1.7,,24.2,,,,,,,0.645,9.5,6.1,3.4,,,,,False,"college_ast_pct,college_tov_pct,college_efg_pct,college_ftr,college_fg3a_rate,college_fg3_pct,college_ft_pct,college_fg_pct,wingspan,wingspan_height_diff,college_sos,college_usg_pct_fold_expected,college_usg_pct_fold_vs_expected,college_ast_pct_fold_expected,college_ast_pct_fold_vs_expected,college_tov_pct_fold_expected,college_tov_pct_fold_vs_expected,college_ftr_fold_expected,college_ftr_fold_vs_expected,college_fg3a_rate_fold_expected,college_fg3a_rate_fold_vs_expected,college_ast_pct_usage_fold_expected,college_ast_pct_usage_fold_adjusted,college_tov_pct_usage_fold_expected,college_tov_pct_usage_fold_adjusted,college_ftr_usage_fold_expected,college_ftr_usage_fold_adjusted,college_fg3a_rate_usage_fold_expected,college_fg3a_rate_usage_fold_adjusted,final_ast_pct_season_fold_residual,final_tov_pct_season_fold_residual,final_ts_pct_season_fold_residual,final_ftr_season_fold_residual,fresh_ast_pct_season_fold_residual,fresh_tov_pct_season_fold_residual,fresh_ts_pct_season_fold_residual,fresh_ftr_season_fold_residual,avg_ast_pct_season_fold_residual,avg_tov_pct_season_fold_residual,avg_ts_pct_season_fold_residual,avg_ftr_season_fold_residual,max_ast_pct_season_fold_residual,max_tov_pct_season_fold_residual,max_ts_pct_season_fold_residual,max_ftr_season_fold_residual,traj_ast_pct_season_fold_residual,traj_tov_pct_season_fold_residual,traj_ts_pct_season_fold_residual,traj_ftr_season_fold_residual,wavg_ast_pct_season_fold_residual,wavg_tov_pct_season_fold_residual,wavg_ts_pct_season_fold_residual,wavg_ftr_season_fold_residual",,,,,,UNSCORED_MISSING_DATA
2026058,Keyshawn Hall,2026,58,Auburn,2.0,SF,Senior,SF,2025-26,SR,23.2,58,,,connector_forward,wing,79.25,227.0,,,SF,SF,loyo_train_through_2021,33.728155339805824,19.3,7.1,2.6,0.7,0.6,,26.7,,,,,,,0.606,7.5,6.5,1.0,,,,,False,"college_ast_pct,college_tov_pct,college_efg_pct,college_ftr,college_fg3a_rate,college_fg3_pct,college_ft_pct,college_fg_pct,wingspan,wingspan_height_diff,college_sos,college_usg_pct_fold_expected,college_usg_pct_fold_vs_expected,college_ast_pct_fold_expected,college_ast_pct_fold_vs_expected,college_tov_pct_fold_expected,college_tov_pct_fold_vs_expected,college_ftr_fold_expected,college_ftr_fold_vs_expected,college_fg3a_rate_fold_expected,college_fg3a_rate_fold_vs_expected,college_ast_pct_usage_fold_expected,college_ast_pct_usage_fold_adjusted,college_tov_pct_usage_fold_expected,college_tov_pct_usage_fold_adjusted,college_ftr_usage_fold_expected,college_ftr_usage_fold_adjusted,college_fg3a_rate_usage_fold_expected,college_fg3a_rate_usage_fold_adjusted,final_ast_pct_season_fold_residual,final_tov_pct_season_fold_residual,final_ts_pct_season_fold_residual,final_ftr_season_fold_residual,fresh_ast_pct_season_fold_residual,fresh_tov_pct_season_fold_residual,fresh_ts_pct_season_fold_residual,fresh_ftr_season_fold_residual,avg_ast_pct_season_fold_residual,avg_tov_pct_season_fold_residual,avg_ts_pct_season_fold_residual,avg_ftr_season_fold_residual,max_ast_pct_season_fold_residual,max_tov_pct_season_fold_residual,max_ts_pct_season_fold_residual,max_ftr_season_fold_residual,traj_ast_pct_season_fold_residual,traj_tov_pct_season_fold_residual,traj_ts_pct_season_fold_residual,traj_ftr_season_fold_residual,wavg_ast_pct_season_fold_residual,wavg_tov_pct_season_fold_residual,wavg_ts_pct_season_fold_residual,wavg_ftr_season_fold_residual",,,,,,UNSCORED_MISSING_DATA
2026059,Tobe Awaka,2026,59,Arizona,3.0,PF,Senior,PF,2025-26,SR,22.4,59,,,dominant_big,forward_big,81.25,261.0,,,PF,PF,loyo_train_through_2021,20.79503105590062,9.3,9.1,0.8,0.4,0.6,,19.5,,,,,,,0.617,8.6,5.3,3.2,13.01,,,,False,"college_ast_pct,college_tov_pct,college_efg_pct,college_ftr,college_fg3a_rate,college_fg3_pct,college_ft_pct,college_fg_pct,wingspan,wingspan_height_diff,college_ast_pct_fold_vs_expected,college_tov_pct_fold_vs_expected,college_ftr_fold_vs_expected,college_fg3a_rate_fold_vs_expected,college_ast_pct_usage_fold_adjusted,college_tov_pct_usage_fold_adjusted,college_ftr_usage_fold_adjusted,college_fg3a_rate_usage_fold_adjusted,final_ast_pct_season_fold_residual,final_tov_pct_season_fold_residual,final_ts_pct_season_fold_residual,final_ftr_season_fold_residual,fresh_ast_pct_season_fold_residual,fresh_tov_pct_season_fold_residual,fresh_ts_pct_season_fold_residual,fresh_ftr_season_fold_residual,avg_ast_pct_season_fold_residual,avg_tov_pct_season_fold_residual,avg_ts_pct_season_fold_residual,avg_ftr_season_fold_residual,max_ast_pct_season_fold_residual,max_tov_pct_season_fold_residual,max_ts_pct_season_fold_residual,max_ftr_season_fold_residual,traj_ast_pct_season_fold_residual,traj_tov_pct_season_fold_residual,traj_ts_pct_season_fold_residual,traj_ftr_season_fold_residual,wavg_ast_pct_season_fold_residual,wavg_tov_pct_season_fold_residual,wavg_ts_pct_season_fold_residual,wavg_ftr_season_fold_residual",,,,,,UNSCORED_MISSING_DATA
2026060,Nick Boyd,2026,60,Wisconsin,0.0,PG/SG,Senior,PG/SG,2025-26,SR,25.2,60,,,combo_guard,small_guard,74.25,176.0,,,PG,PG,loyo_train_through_2021,31.846153846153847,20.7,3.8,4.3,1.0,0.0,,30.6,,,,,,,0.588,9.5,7.6,1.9,,,,,False,"college_ast_pct,college_tov_pct,college_efg_pct,college_ftr,college_fg3a_rate,college_fg3_pct,college_ft_pct,college_fg_pct,wingspan,wingspan_height_diff,college_sos,college_usg_pct_fold_expected,college_usg_pct_fold_vs_expected,college_ast_pct_fold_expected,college_ast_pct_fold_vs_expected,college_tov_pct_fold_expected,college_tov_pct_fold_vs_expected,college_ftr_fold_expected,college_ftr_fold_vs_expected,college_fg3a_rate_fold_expected,college_fg3a_rate_fold_vs_expected,college_ast_pct_usage_fold_expected,college_ast_pct_usage_fold_adjusted,college_tov_pct_usage_fold_expected,college_tov_pct_usage_fold_adjusted,college_ftr_usage_fold_expected,college_ftr_usage_fold_adjusted,college_fg3a_rate_usage_fold_expected,college_fg3a_rate_usage_fold_adjusted,final_ast_pct_season_fold_residual,final_tov_pct_season_fold_residual,final_ts_pct_season_fold_residual,final_ftr_season_fold_residual,fresh_ast_pct_season_fold_residual,fresh_tov_pct_season_fold_residual,fresh_ts_pct_season_fold_residual,fresh_ftr_season_fold_residual,avg_ast_pct_season_fold_residual,avg_tov_pct_season_fold_residual,avg_ts_pct_season_fold_residual,avg_ftr_season_fold_residual,max_ast_pct_season_fold_residual,max_tov_pct_season_fold_residual,max_ts_pct_season_fold_residual,max_ftr_season_fold_residual,traj_ast_pct_season_fold_residual,traj_tov_pct_season_fold_residual,traj_ts_pct_season_fold_residual,traj_ftr_season_fold_residual,wavg_ast_pct_season_fold_residual,wavg_tov_pct_season_fold_residual,wavg_ts_pct_season_fold_residual,wavg_ftr_season_fold_residual",,,,,,UNSCORED_MISSING_DATA
