experiment,position_archetype,n,actual_stars,actual_top5_stars,predicted_stars,star_false_negatives,top5_star_false_negatives,star_false_positives,out_predicted_star,out_p_star_ge_20,star_precision,star_recall,mean_p_star,actual_star_rate,mean_residual_star_signal
base_extra_trees,C / rim_runner,3,0,0,2,0,0,2,0,0,0.0,0.0,0.35627644268516945,0.0,
base_extra_trees,C / stretch_big,1,0,0,0,0,0,0,0,0,0.0,0.0,0.1267919958710894,0.0,
base_extra_trees,PF / dominant_big,1,0,0,1,0,0,1,0,0,0.0,0.0,0.32154411085504625,0.0,
base_extra_trees,PF / playmaking_forward,2,0,0,0,0,0,0,0,0,0.0,0.0,0.07020154624582838,0.0,
base_extra_trees,PF / rim_runner,5,0,0,1,0,0,1,0,0,0.0,0.0,0.1606815015433781,0.0,
base_extra_trees,PF / stretch_big,4,1,1,1,0,0,0,0,1,1.0,1.0,0.1792581057462976,0.25,
base_extra_trees,PG / primary_creator,1,1,0,1,0,0,0,0,0,1.0,1.0,0.4371212751643047,1.0,
base_extra_trees,PG / secondary_creator,8,2,1,2,1,0,1,0,0,0.5,0.5,0.1790126086355971,0.25,
base_extra_trees,SF / offensive_wing,3,0,0,0,0,0,0,0,0,0.0,0.0,0.12551092921752235,0.0,
base_extra_trees,SF / rim_runner,1,0,0,0,0,0,0,0,1,0.0,0.0,0.2626752731302782,0.0,
base_extra_trees,SF / secondary_creator,4,0,0,0,0,0,0,0,0,0.0,0.0,0.17652056783203904,0.0,
base_extra_trees,SF / two_way_wing,3,0,0,1,0,0,1,0,0,0.0,0.0,0.19447222277508466,0.0,
base_extra_trees,SG / offensive_wing,5,0,0,1,0,0,1,0,0,0.0,0.0,0.18847392570535573,0.0,
base_extra_trees,SG / secondary_creator,7,0,0,0,0,0,0,0,0,0.0,0.0,0.17556687251086872,0.0,
base_extra_trees,SG / two_way_wing,3,0,0,0,0,0,0,0,0,0.0,0.0,0.1574653395971478,0.0,
base_hist_gradient_boosting,C / rim_runner,3,0,0,1,0,0,1,0,0,0.0,0.0,0.27986303433385235,0.0,
base_hist_gradient_boosting,C / stretch_big,1,0,0,0,0,0,0,0,0,0.0,0.0,0.00022880930370655406,0.0,
base_hist_gradient_boosting,PF / dominant_big,1,0,0,0,0,0,0,0,0,0.0,0.0,0.005416231037395591,0.0,
base_hist_gradient_boosting,PF / playmaking_forward,2,0,0,0,0,0,0,0,0,0.0,0.0,0.00012288897778293703,0.0,
base_hist_gradient_boosting,PF / rim_runner,5,0,0,0,0,0,0,0,0,0.0,0.0,0.0011493897380069349,0.0,
base_hist_gradient_boosting,PF / stretch_big,4,1,1,0,1,1,0,0,0,0.0,0.0,0.0008707513275754454,0.25,
base_hist_gradient_boosting,PG / primary_creator,1,1,0,1,0,0,0,0,0,1.0,1.0,0.6579269583472088,1.0,
base_hist_gradient_boosting,PG / secondary_creator,8,2,1,1,2,1,1,0,0,0.0,0.0,0.10572392131388166,0.25,
base_hist_gradient_boosting,SF / offensive_wing,3,0,0,0,0,0,0,0,0,0.0,0.0,0.006520883283500512,0.0,
base_hist_gradient_boosting,SF / rim_runner,1,0,0,0,0,0,0,0,0,0.0,0.0,0.023772036731224497,0.0,
base_hist_gradient_boosting,SF / secondary_creator,4,0,0,0,0,0,0,0,0,0.0,0.0,0.013901280521591836,0.0,
base_hist_gradient_boosting,SF / two_way_wing,3,0,0,0,0,0,0,0,0,0.0,0.0,0.08263899961010383,0.0,
base_hist_gradient_boosting,SG / offensive_wing,5,0,0,0,0,0,0,0,0,0.0,0.0,0.07018775779942706,0.0,
base_hist_gradient_boosting,SG / secondary_creator,7,0,0,1,0,0,1,0,0,0.0,0.0,0.07680957578936062,0.0,
base_hist_gradient_boosting,SG / two_way_wing,3,0,0,0,0,0,0,0,0,0.0,0.0,0.01585980446892075,0.0,
base_logistic,C / rim_runner,3,0,0,1,0,0,1,0,0,0.0,0.0,0.30926556365462493,0.0,
base_logistic,C / stretch_big,1,0,0,0,0,0,0,0,0,0.0,0.0,9.058609041647856e-05,0.0,
base_logistic,PF / dominant_big,1,0,0,1,0,0,1,0,0,0.0,0.0,0.5725633730360529,0.0,
base_logistic,PF / playmaking_forward,2,0,0,0,0,0,0,0,0,0.0,0.0,1.6207659684800604e-06,0.0,
base_logistic,PF / rim_runner,5,0,0,0,0,0,0,0,0,0.0,0.0,0.00010946741185531374,0.0,
base_logistic,PF / stretch_big,4,1,1,1,1,1,1,1,1,0.0,0.0,0.17141964858166994,0.25,
base_logistic,PG / primary_creator,1,1,0,1,0,0,0,0,0,1.0,1.0,0.9953836853073346,1.0,
base_logistic,PG / secondary_creator,8,2,1,2,1,0,1,0,0,0.5,0.5,0.2569831124323253,0.25,
base_logistic,SF / offensive_wing,3,0,0,0,0,0,0,0,0,0.0,0.0,0.0018407575049858155,0.0,
base_logistic,SF / rim_runner,1,0,0,0,0,0,0,0,0,0.0,0.0,0.1283717335732863,0.0,
base_logistic,SF / secondary_creator,4,0,0,1,0,0,1,0,0,0.0,0.0,0.1630471641534974,0.0,
base_logistic,SF / two_way_wing,3,0,0,1,0,0,1,0,0,0.0,0.0,0.1088265926832623,0.0,
base_logistic,SG / offensive_wing,5,0,0,1,0,0,1,0,0,0.0,0.0,0.14357590228106085,0.0,
base_logistic,SG / secondary_creator,7,0,0,1,0,0,1,0,0,0.0,0.0,0.17022350665885733,0.0,
base_logistic,SG / two_way_wing,3,0,0,0,0,0,0,0,0,0.0,0.0,0.04796332111345305,0.0,
base_ordinal,C / rim_runner,3,0,0,1,0,0,1,0,0,0.0,0.0,0.3111941486267717,0.0,
base_ordinal,C / stretch_big,1,0,0,0,0,0,0,0,0,0.0,0.0,0.00011173909883016262,0.0,
base_ordinal,PF / dominant_big,1,0,0,0,0,0,0,0,0,0.0,0.0,0.18309524887643883,0.0,
base_ordinal,PF / playmaking_forward,2,0,0,0,0,0,0,0,0,0.0,0.0,3.1525551647667386e-06,0.0,
base_ordinal,PF / rim_runner,5,0,0,0,0,0,0,0,0,0.0,0.0,0.0004594765532181937,0.0,
base_ordinal,PF / stretch_big,4,1,1,1,1,1,1,1,1,0.0,0.0,0.1623007819315195,0.25,
base_ordinal,PG / primary_creator,1,1,0,1,0,0,0,0,0,1.0,1.0,0.9986540622118435,1.0,
base_ordinal,PG / secondary_creator,8,2,1,2,1,0,1,0,0,0.5,0.5,0.2543671321024005,0.25,
base_ordinal,SF / offensive_wing,3,0,0,0,0,0,0,0,0,0.0,0.0,0.006157327289396763,0.0,
base_ordinal,SF / rim_runner,1,0,0,0,0,0,0,0,0,0.0,0.0,0.12365681036624905,0.0,
base_ordinal,SF / secondary_creator,4,0,0,1,0,0,1,0,0,0.0,0.0,0.1808198209246738,0.0,
base_ordinal,SF / two_way_wing,3,0,0,1,0,0,1,0,0,0.0,0.0,0.25952239766001656,0.0,
base_ordinal,SG / offensive_wing,5,0,0,1,0,0,1,0,0,0.0,0.0,0.11661957874210782,0.0,
base_ordinal,SG / secondary_creator,7,0,0,1,0,0,1,0,0,0.0,0.0,0.15544336726317923,0.0,
base_ordinal,SG / two_way_wing,3,0,0,0,0,0,0,0,0,0.0,0.0,0.039663318975303175,0.0,
base_random_forest,C / rim_runner,3,0,0,2,0,0,2,0,0,0.0,0.0,0.31783059794948143,0.0,
base_random_forest,C / stretch_big,1,0,0,0,0,0,0,0,0,0.0,0.0,0.09368964956445464,0.0,
base_random_forest,PF / dominant_big,1,0,0,0,0,0,0,0,0,0.0,0.0,0.2409363862330774,0.0,
base_random_forest,PF / playmaking_forward,2,0,0,0,0,0,0,0,0,0.0,0.0,0.055161635540447694,0.0,
base_random_forest,PF / rim_runner,5,0,0,1,0,0,1,0,0,0.0,0.0,0.12918702834777543,0.0,
base_random_forest,PF / stretch_big,4,1,1,0,1,1,0,0,0,0.0,0.0,0.1288176876052746,0.25,
base_random_forest,PG / primary_creator,1,1,0,1,0,0,0,0,0,1.0,1.0,0.41355465104729977,1.0,
base_random_forest,PG / secondary_creator,8,2,1,1,2,1,1,0,0,0.0,0.0,0.16609766931339115,0.25,
base_random_forest,SF / offensive_wing,3,0,0,0,0,0,0,0,0,0.0,0.0,0.11705600593121197,0.0,
base_random_forest,SF / rim_runner,1,0,0,0,0,0,0,0,0,0.0,0.0,0.16356194601760274,0.0,
base_random_forest,SF / secondary_creator,4,0,0,0,0,0,0,0,0,0.0,0.0,0.15788360929606926,0.0,
base_random_forest,SF / two_way_wing,3,0,0,1,0,0,1,0,0,0.0,0.0,0.16240091796013842,0.0,
base_random_forest,SG / offensive_wing,5,0,0,0,0,0,0,0,0,0.0,0.0,0.1406129429491644,0.0,
base_random_forest,SG / secondary_creator,7,0,0,0,0,0,0,0,0,0.0,0.0,0.15558293763683534,0.0,
base_random_forest,SG / two_way_wing,3,0,0,0,0,0,0,0,0,0.0,0.0,0.11954197558474829,0.0,
base_two_stage,C / rim_runner,3,0,0,1,0,0,1,0,0,0.0,0.0,0.3387701838819522,0.0,
base_two_stage,C / stretch_big,1,0,0,0,0,0,0,0,0,0.0,0.0,0.00028393080554878214,0.0,
base_two_stage,PF / dominant_big,1,0,0,0,0,0,0,0,0,0.0,0.0,0.29629202889553685,0.0,
base_two_stage,PF / playmaking_forward,2,0,0,0,0,0,0,0,0,0.0,0.0,9.408145396864875e-06,0.0,
base_two_stage,PF / rim_runner,5,0,0,0,0,0,0,0,0,0.0,0.0,0.002487490342151313,0.0,
base_two_stage,PF / stretch_big,4,1,1,1,1,1,1,1,1,0.0,0.0,0.14059283250997429,0.25,
base_two_stage,PG / primary_creator,1,1,0,1,0,0,0,0,0,1.0,1.0,0.9944357857705902,1.0,
base_two_stage,PG / secondary_creator,8,2,1,2,1,0,1,0,0,0.5,0.5,0.2626343631888286,0.25,
base_two_stage,SF / offensive_wing,3,0,0,0,0,0,0,0,0,0.0,0.0,0.021388884825935445,0.0,
base_two_stage,SF / rim_runner,1,0,0,0,0,0,0,0,0,0.0,0.0,0.1586239388341362,0.0,
base_two_stage,SF / secondary_creator,4,0,0,1,0,0,1,0,0,0.0,0.0,0.20256467981570603,0.0,
base_two_stage,SF / two_way_wing,3,0,0,1,0,0,1,0,0,0.0,0.0,0.223798355975007,0.0,
base_two_stage,SG / offensive_wing,5,0,0,1,0,0,1,0,0,0.0,0.0,0.1377892712334334,0.0,
base_two_stage,SG / secondary_creator,7,0,0,1,0,0,1,0,0,0.0,0.0,0.13974081575090472,0.0,
base_two_stage,SG / two_way_wing,3,0,0,0,0,0,0,0,0,0.0,0.0,0.05150849698983242,0.0,
clean_adjusted_extra_trees,C / rim_runner,3,0,0,2,0,0,2,0,0,0.0,0.0,0.361207220581157,0.0,
clean_adjusted_extra_trees,C / stretch_big,1,0,0,0,0,0,0,0,0,0.0,0.0,0.11136363926484902,0.0,
clean_adjusted_extra_trees,PF / dominant_big,1,0,0,1,0,0,1,0,0,0.0,0.0,0.31233343672428115,0.0,
clean_adjusted_extra_trees,PF / playmaking_forward,2,0,0,0,0,0,0,0,0,0.0,0.0,0.0727623032055825,0.0,
clean_adjusted_extra_trees,PF / rim_runner,5,0,0,1,0,0,1,0,0,0.0,0.0,0.1639464891603142,0.0,
clean_adjusted_extra_trees,PF / stretch_big,4,1,1,1,0,0,0,0,1,1.0,1.0,0.20441047270953558,0.25,
clean_adjusted_extra_trees,PG / primary_creator,1,1,0,1,0,0,0,0,0,1.0,1.0,0.44622413471940897,1.0,
clean_adjusted_extra_trees,PG / secondary_creator,8,2,1,1,2,1,1,0,0,0.0,0.0,0.17039414080184134,0.25,
clean_adjusted_extra_trees,SF / offensive_wing,3,0,0,0,0,0,0,0,0,0.0,0.0,0.11680927834295063,0.0,
clean_adjusted_extra_trees,SF / rim_runner,1,0,0,0,0,0,0,0,1,0.0,0.0,0.23813200903814066,0.0,
clean_adjusted_extra_trees,SF / secondary_creator,4,0,0,1,0,0,1,0,0,0.0,0.0,0.18267906355594513,0.0,
clean_adjusted_extra_trees,SF / two_way_wing,3,0,0,1,0,0,1,0,0,0.0,0.0,0.19301276421660252,0.0,
clean_adjusted_extra_trees,SG / offensive_wing,5,0,0,1,0,0,1,0,0,0.0,0.0,0.18800289830731876,0.0,
clean_adjusted_extra_trees,SG / secondary_creator,7,0,0,0,0,0,0,0,0,0.0,0.0,0.17374228399143368,0.0,
clean_adjusted_extra_trees,SG / two_way_wing,3,0,0,0,0,0,0,0,0,0.0,0.0,0.15473533026226868,0.0,
clean_adjusted_internal_two_stage,C / rim_runner,3,0,0,0,0,0,0,0,0,0.0,0.0,0.2050288810649513,0.0,
clean_adjusted_internal_two_stage,C / stretch_big,1,0,0,0,0,0,0,0,0,0.0,0.0,0.05054748462925282,0.0,
clean_adjusted_internal_two_stage,PF / dominant_big,1,0,0,0,0,0,0,0,0,0.0,0.0,0.16741210760585806,0.0,
clean_adjusted_internal_two_stage,PF / playmaking_forward,2,0,0,0,0,0,0,0,0,0.0,0.0,0.017235992589320213,0.0,
clean_adjusted_internal_two_stage,PF / rim_runner,5,0,0,0,0,0,0,0,0,0.0,0.0,0.0686126141319617,0.0,
clean_adjusted_internal_two_stage,PF / stretch_big,4,1,1,0,1,1,0,0,0,0.0,0.0,0.06918032995307141,0.25,
clean_adjusted_internal_two_stage,PG / primary_creator,1,1,0,1,0,0,0,0,0,1.0,1.0,0.32409557655216154,1.0,
clean_adjusted_internal_two_stage,PG / secondary_creator,8,2,1,2,1,0,1,0,0,0.5,0.5,0.17873577586843536,0.25,
clean_adjusted_internal_two_stage,SF / offensive_wing,3,0,0,0,0,0,0,0,0,0.0,0.0,0.08086685231207454,0.0,
clean_adjusted_internal_two_stage,SF / rim_runner,1,0,0,0,0,0,0,0,0,0.0,0.0,0.11323663752901494,0.0,
clean_adjusted_internal_two_stage,SF / secondary_creator,4,0,0,0,0,0,0,0,0,0.0,0.0,0.08728733702942645,0.0,
clean_adjusted_internal_two_stage,SF / two_way_wing,3,0,0,0,0,0,0,0,0,0.0,0.0,0.0923349531169067,0.0,
clean_adjusted_internal_two_stage,SG / offensive_wing,5,0,0,0,0,0,0,0,0,0.0,0.0,0.07056906365987448,0.0,
clean_adjusted_internal_two_stage,SG / secondary_creator,7,0,0,0,0,0,0,0,0,0.0,0.0,0.10600350879765619,0.0,
clean_adjusted_internal_two_stage,SG / two_way_wing,3,0,0,0,0,0,0,0,0,0.0,0.0,0.08666804203256757,0.0,
clean_adjusted_logistic_sigmoid,C / rim_runner,3,0,0,1,0,0,1,0,0,0.0,0.0,0.22279238374569718,0.0,
clean_adjusted_logistic_sigmoid,C / stretch_big,1,0,0,0,0,0,0,0,0,0.0,0.0,0.025574626804240344,0.0,
clean_adjusted_logistic_sigmoid,PF / dominant_big,1,0,0,0,0,0,0,0,0,0.0,0.0,0.24844867033947846,0.0,
clean_adjusted_logistic_sigmoid,PF / playmaking_forward,2,0,0,0,0,0,0,0,0,0.0,0.0,0.01635703819985318,0.0,
clean_adjusted_logistic_sigmoid,PF / rim_runner,5,0,0,0,0,0,0,0,0,0.0,0.0,0.04748661928813669,0.0,
clean_adjusted_logistic_sigmoid,PF / stretch_big,4,1,1,0,1,1,0,0,0,0.0,0.0,0.07717614544659779,0.25,
clean_adjusted_logistic_sigmoid,PG / primary_creator,1,1,0,1,0,0,0,0,0,1.0,1.0,0.48821269304153686,1.0,
clean_adjusted_logistic_sigmoid,PG / secondary_creator,8,2,1,2,1,0,1,0,0,0.5,0.5,0.18676180431791534,0.25,
clean_adjusted_logistic_sigmoid,SF / offensive_wing,3,0,0,0,0,0,0,0,0,0.0,0.0,0.06158591393769879,0.0,
clean_adjusted_logistic_sigmoid,SF / rim_runner,1,0,0,0,0,0,0,0,0,0.0,0.0,0.1373353614062318,0.0,
clean_adjusted_logistic_sigmoid,SF / secondary_creator,4,0,0,1,0,0,1,0,0,0.0,0.0,0.13086301516693544,0.0,
clean_adjusted_logistic_sigmoid,SF / two_way_wing,3,0,0,1,0,0,1,0,0,0.0,0.0,0.1298494587070538,0.0,
clean_adjusted_logistic_sigmoid,SG / offensive_wing,5,0,0,0,0,0,0,0,0,0.0,0.0,0.09698823769710681,0.0,
clean_adjusted_logistic_sigmoid,SG / secondary_creator,7,0,0,0,0,0,0,0,0,0.0,0.0,0.11618223337079152,0.0,
clean_adjusted_logistic_sigmoid,SG / two_way_wing,3,0,0,0,0,0,0,0,0,0.0,0.0,0.10570511091340402,0.0,
clean_adjusted_random_forest,C / rim_runner,3,0,0,2,0,0,2,0,0,0.0,0.0,0.336496024890738,0.0,
clean_adjusted_random_forest,C / stretch_big,1,0,0,0,0,0,0,0,0,0.0,0.0,0.11437411043398989,0.0,
clean_adjusted_random_forest,PF / dominant_big,1,0,0,1,0,0,1,0,0,0.0,0.0,0.3000481003931371,0.0,
clean_adjusted_random_forest,PF / playmaking_forward,2,0,0,0,0,0,0,0,0,0.0,0.0,0.05702985685609635,0.0,
clean_adjusted_random_forest,PF / rim_runner,5,0,0,1,0,0,1,0,0,0.0,0.0,0.13488118131686652,0.0,
clean_adjusted_random_forest,PF / stretch_big,4,1,1,0,1,1,0,0,0,0.0,0.0,0.13109777641246778,0.25,
clean_adjusted_random_forest,PG / primary_creator,1,1,0,1,0,0,0,0,0,1.0,1.0,0.39601040294387074,1.0,
clean_adjusted_random_forest,PG / secondary_creator,8,2,1,1,2,1,1,0,0,0.0,0.0,0.17543676642677897,0.25,
clean_adjusted_random_forest,SF / offensive_wing,3,0,0,0,0,0,0,0,0,0.0,0.0,0.13669289335588763,0.0,
clean_adjusted_random_forest,SF / rim_runner,1,0,0,0,0,0,0,0,0,0.0,0.0,0.18344115061324656,0.0,
clean_adjusted_random_forest,SF / secondary_creator,4,0,0,0,0,0,0,0,0,0.0,0.0,0.1462979204311747,0.0,
clean_adjusted_random_forest,SF / two_way_wing,3,0,0,1,0,0,1,0,0,0.0,0.0,0.1687979119167969,0.0,
clean_adjusted_random_forest,SG / offensive_wing,5,0,0,0,0,0,0,0,0,0.0,0.0,0.13878966538809784,0.0,
clean_adjusted_random_forest,SG / secondary_creator,7,0,0,0,0,0,0,0,0,0.0,0.0,0.16278273829819997,0.0,
clean_adjusted_random_forest,SG / two_way_wing,3,0,0,0,0,0,0,0,0,0.0,0.0,0.12706611165855553,0.0,
clean_adjusted_random_forest_sigmoid,C / rim_runner,3,0,0,2,0,0,2,0,0,0.0,0.0,0.37116780325244214,0.0,
clean_adjusted_random_forest_sigmoid,C / stretch_big,1,0,0,0,0,0,0,0,0,0.0,0.0,0.04350712942763644,0.0,
clean_adjusted_random_forest_sigmoid,PF / dominant_big,1,0,0,0,0,0,0,0,0,0.0,0.0,0.1733126587627103,0.0,
clean_adjusted_random_forest_sigmoid,PF / playmaking_forward,2,0,0,0,0,0,0,0,0,0.0,0.0,0.025756633307232005,0.0,
clean_adjusted_random_forest_sigmoid,PF / rim_runner,5,0,0,1,0,0,1,0,0,0.0,0.0,0.09978740805493683,0.0,
clean_adjusted_random_forest_sigmoid,PF / stretch_big,4,1,1,0,1,1,0,0,0,0.0,0.0,0.09662506000391614,0.25,
clean_adjusted_random_forest_sigmoid,PG / primary_creator,1,1,0,1,0,0,0,0,0,1.0,1.0,0.4030429504655242,1.0,
clean_adjusted_random_forest_sigmoid,PG / secondary_creator,8,2,1,1,2,1,1,0,0,0.0,0.0,0.11974640249491118,0.25,
clean_adjusted_random_forest_sigmoid,SF / offensive_wing,3,0,0,0,0,0,0,0,0,0.0,0.0,0.06455171050076296,0.0,
clean_adjusted_random_forest_sigmoid,SF / rim_runner,1,0,0,0,0,0,0,0,0,0.0,0.0,0.09961962352013494,0.0,
clean_adjusted_random_forest_sigmoid,SF / secondary_creator,4,0,0,0,0,0,0,0,0,0.0,0.0,0.10895036635419629,0.0,
clean_adjusted_random_forest_sigmoid,SF / two_way_wing,3,0,0,1,0,0,1,0,0,0.0,0.0,0.11838430957249553,0.0,
clean_adjusted_random_forest_sigmoid,SG / offensive_wing,5,0,0,0,0,0,0,0,0,0.0,0.0,0.08216775559146579,0.0,
clean_adjusted_random_forest_sigmoid,SG / secondary_creator,7,0,0,0,0,0,0,0,0,0.0,0.0,0.1066461414670313,0.0,
clean_adjusted_random_forest_sigmoid,SG / two_way_wing,3,0,0,0,0,0,0,0,0,0.0,0.0,0.07451307120091605,0.0,
clean_adjusted_two_stage_risk_sigmoid,C / rim_runner,3,0,0,1,0,0,1,0,0,0.0,0.0,0.2295666597115161,0.0,
clean_adjusted_two_stage_risk_sigmoid,C / stretch_big,1,0,0,0,0,0,0,0,0,0.0,0.0,0.07897094341869203,0.0,
clean_adjusted_two_stage_risk_sigmoid,PF / dominant_big,1,0,0,0,0,0,0,0,0,0.0,0.0,0.21270937787423652,0.0,
clean_adjusted_two_stage_risk_sigmoid,PF / playmaking_forward,2,0,0,0,0,0,0,0,0,0.0,0.0,0.06888074253557291,0.0,
clean_adjusted_two_stage_risk_sigmoid,PF / rim_runner,5,0,0,0,0,0,0,0,0,0.0,0.0,0.09374510094994419,0.0,
clean_adjusted_two_stage_risk_sigmoid,PF / stretch_big,4,1,1,0,1,1,0,0,0,0.0,0.0,0.09565146390117582,0.25,
clean_adjusted_two_stage_risk_sigmoid,PG / primary_creator,1,1,0,1,0,0,0,0,0,1.0,1.0,0.46216787395878284,1.0,
clean_adjusted_two_stage_risk_sigmoid,PG / secondary_creator,8,2,1,2,1,0,1,0,0,0.5,0.5,0.18303976652691684,0.25,
clean_adjusted_two_stage_risk_sigmoid,SF / offensive_wing,3,0,0,0,0,0,0,0,0,0.0,0.0,0.08961348565321547,0.0,
clean_adjusted_two_stage_risk_sigmoid,SF / rim_runner,1,0,0,0,0,0,0,0,0,0.0,0.0,0.09903597419342741,0.0,
clean_adjusted_two_stage_risk_sigmoid,SF / secondary_creator,4,0,0,0,0,0,0,0,0,0.0,0.0,0.1186153888119574,0.0,
clean_adjusted_two_stage_risk_sigmoid,SF / two_way_wing,3,0,0,1,0,0,1,0,0,0.0,0.0,0.16957628293494853,0.0,
clean_adjusted_two_stage_risk_sigmoid,SG / offensive_wing,5,0,0,0,0,0,0,0,0,0.0,0.0,0.11895186199076316,0.0,
clean_adjusted_two_stage_risk_sigmoid,SG / secondary_creator,7,0,0,0,0,0,0,0,0,0.0,0.0,0.13578495407323404,0.0,
clean_adjusted_two_stage_risk_sigmoid,SG / two_way_wing,3,0,0,0,0,0,0,0,0,0.0,0.0,0.13094674470869797,0.0,
clean_adjusted_two_stage_sigmoid,C / rim_runner,3,0,0,1,0,0,1,0,0,0.0,0.0,0.23163674089279965,0.0,
clean_adjusted_two_stage_sigmoid,C / stretch_big,1,0,0,0,0,0,0,0,0,0.0,0.0,0.07865763861232135,0.0,
clean_adjusted_two_stage_sigmoid,PF / dominant_big,1,0,0,0,0,0,0,0,0,0.0,0.0,0.214958323496992,0.0,
clean_adjusted_two_stage_sigmoid,PF / playmaking_forward,2,0,0,0,0,0,0,0,0,0.0,0.0,0.06886430866776794,0.0,
clean_adjusted_two_stage_sigmoid,PF / rim_runner,5,0,0,0,0,0,0,0,0,0.0,0.0,0.09232086611454497,0.0,
clean_adjusted_two_stage_sigmoid,PF / stretch_big,4,1,1,0,1,1,0,0,0,0.0,0.0,0.09715585300516746,0.25,
clean_adjusted_two_stage_sigmoid,PG / primary_creator,1,1,0,1,0,0,0,0,0,1.0,1.0,0.45723847125997424,1.0,
clean_adjusted_two_stage_sigmoid,PG / secondary_creator,8,2,1,2,1,0,1,0,0,0.5,0.5,0.18296458514332847,0.25,
clean_adjusted_two_stage_sigmoid,SF / offensive_wing,3,0,0,0,0,0,0,0,0,0.0,0.0,0.09098267384214126,0.0,
clean_adjusted_two_stage_sigmoid,SF / rim_runner,1,0,0,0,0,0,0,0,0,0.0,0.0,0.1057616423639628,0.0,
clean_adjusted_two_stage_sigmoid,SF / secondary_creator,4,0,0,0,0,0,0,0,0,0.0,0.0,0.11858262757204774,0.0,
clean_adjusted_two_stage_sigmoid,SF / two_way_wing,3,0,0,1,0,0,1,0,0,0.0,0.0,0.1695520349520134,0.0,
clean_adjusted_two_stage_sigmoid,SG / offensive_wing,5,0,0,0,0,0,0,0,0,0.0,0.0,0.11764868112129497,0.0,
clean_adjusted_two_stage_sigmoid,SG / secondary_creator,7,0,0,0,0,0,0,0,0,0.0,0.0,0.1361987097072494,0.0,
clean_adjusted_two_stage_sigmoid,SG / two_way_wing,3,0,0,0,0,0,0,0,0,0.0,0.0,0.12933592635231703,0.0,
player_residual_random_forest,C / rim_runner,3,0,0,2,0,0,2,0,0,0.0,0.0,0.3326690193846361,0.0,
player_residual_random_forest,C / stretch_big,1,0,0,0,0,0,0,0,0,0.0,0.0,0.09888409942711757,0.0,
player_residual_random_forest,PF / dominant_big,1,0,0,0,0,0,0,0,0,0.0,0.0,0.2597903000655648,0.0,
player_residual_random_forest,PF / playmaking_forward,2,0,0,0,0,0,0,0,0,0.0,0.0,0.05132708331415703,0.0,
player_residual_random_forest,PF / rim_runner,5,0,0,1,0,0,1,0,0,0.0,0.0,0.13575236271014418,0.0,
player_residual_random_forest,PF / stretch_big,4,1,1,0,1,1,0,0,0,0.0,0.0,0.12494144713834582,0.25,
player_residual_random_forest,PG / primary_creator,1,1,0,1,0,0,0,0,0,1.0,1.0,0.3931731620931289,1.0,
player_residual_random_forest,PG / secondary_creator,8,2,1,1,2,1,1,0,0,0.0,0.0,0.17802489170027902,0.25,
player_residual_random_forest,SF / offensive_wing,3,0,0,0,0,0,0,0,0,0.0,0.0,0.12062802929867833,0.0,
player_residual_random_forest,SF / rim_runner,1,0,0,0,0,0,0,0,0,0.0,0.0,0.18309080744166895,0.0,
player_residual_random_forest,SF / secondary_creator,4,0,0,0,0,0,0,0,0,0.0,0.0,0.1418911075873407,0.0,
player_residual_random_forest,SF / two_way_wing,3,0,0,1,0,0,1,0,0,0.0,0.0,0.17145956333366721,0.0,
player_residual_random_forest,SG / offensive_wing,5,0,0,0,0,0,0,0,0,0.0,0.0,0.14461105543927594,0.0,
player_residual_random_forest,SG / secondary_creator,7,0,0,1,0,0,1,0,0,0.0,0.0,0.17123097815271984,0.0,
player_residual_random_forest,SG / two_way_wing,3,0,0,0,0,0,0,0,0,0.0,0.0,0.11125324594714502,0.0,
raw_logistic,C / rim_runner,3,0,0,1,0,0,1,0,0,0.0,0.0,0.33145953457794936,0.0,
raw_logistic,C / stretch_big,1,0,0,0,0,0,0,0,0,0.0,0.0,0.0005787839244564999,0.0,
raw_logistic,PF / dominant_big,1,0,0,1,0,0,1,0,0,0.0,0.0,0.9192399529496527,0.0,
raw_logistic,PF / playmaking_forward,2,0,0,0,0,0,0,0,0,0.0,0.0,0.007281262607732152,0.0,
raw_logistic,PF / rim_runner,5,0,0,2,0,0,2,0,0,0.0,0.0,0.24284309984103514,0.0,
raw_logistic,PF / stretch_big,4,1,1,1,1,1,1,1,1,0.0,0.0,0.12845016303477136,0.25,
raw_logistic,PG / primary_creator,1,1,0,1,0,0,0,0,0,1.0,1.0,0.8928497842488975,1.0,
raw_logistic,PG / secondary_creator,8,2,1,3,1,0,2,0,0,0.3333333333333333,0.5,0.31349566421467967,0.25,
raw_logistic,SF / offensive_wing,3,0,0,0,0,0,0,0,0,0.0,0.0,0.02839239085962776,0.0,
raw_logistic,SF / rim_runner,1,0,0,1,0,0,1,1,1,0.0,0.0,0.5237620136513831,0.0,
raw_logistic,SF / secondary_creator,4,0,0,2,0,0,2,0,0,0.0,0.0,0.5092336245517717,0.0,
raw_logistic,SF / two_way_wing,3,0,0,1,0,0,1,0,0,0.0,0.0,0.16617904126438718,0.0,
raw_logistic,SG / offensive_wing,5,0,0,1,0,0,1,0,0,0.0,0.0,0.1513736433959619,0.0,
raw_logistic,SG / secondary_creator,7,0,0,1,0,0,1,0,0,0.0,0.0,0.11755853010652259,0.0,
raw_logistic,SG / two_way_wing,3,0,0,0,0,0,0,0,0,0.0,0.0,0.026726781691112925,0.0,
season_residual_random_forest,C / rim_runner,3,0,0,2,0,0,2,0,0,0.0,0.0,0.3307411769460904,0.0,
season_residual_random_forest,C / stretch_big,1,0,0,0,0,0,0,0,0,0.0,0.0,0.09434733050056299,0.0,
season_residual_random_forest,PF / dominant_big,1,0,0,0,0,0,0,0,0,0.0,0.0,0.2710396285958637,0.0,
season_residual_random_forest,PF / playmaking_forward,2,0,0,0,0,0,0,0,0,0.0,0.0,0.05732868988810956,0.0,
season_residual_random_forest,PF / rim_runner,5,0,0,1,0,0,1,0,0,0.0,0.0,0.13297046121491687,0.0,
season_residual_random_forest,PF / stretch_big,4,1,1,0,1,1,0,0,0,0.0,0.0,0.1339270556442844,0.25,
season_residual_random_forest,PG / primary_creator,1,1,0,1,0,0,0,0,0,1.0,1.0,0.40910993229734927,1.0,
season_residual_random_forest,PG / secondary_creator,8,2,1,2,1,0,1,0,0,0.5,0.5,0.1725384392754382,0.25,
season_residual_random_forest,SF / offensive_wing,3,0,0,0,0,0,0,0,0,0.0,0.0,0.12234587059289599,0.0,
season_residual_random_forest,SF / rim_runner,1,0,0,0,0,0,0,0,0,0.0,0.0,0.1573542065207698,0.0,
season_residual_random_forest,SF / secondary_creator,4,0,0,0,0,0,0,0,0,0.0,0.0,0.1431259880258076,0.0,
season_residual_random_forest,SF / two_way_wing,3,0,0,1,0,0,1,0,0,0.0,0.0,0.1623989666989759,0.0,
season_residual_random_forest,SG / offensive_wing,5,0,0,0,0,0,0,0,0,0.0,0.0,0.1398108177894414,0.0,
season_residual_random_forest,SG / secondary_creator,7,0,0,1,0,0,1,0,0,0.0,0.0,0.1609719766788968,0.0,
season_residual_random_forest,SG / two_way_wing,3,0,0,0,0,0,0,0,0,0.0,0.0,0.12365458232370956,0.0,
segment_residual_internal_two_stage,C / rim_runner,3,0,0,1,0,0,1,0,0,0.0,0.0,0.2479832769748976,0.0,0.41177255505414073
segment_residual_internal_two_stage,C / stretch_big,1,0,0,0,0,0,0,0,0,0.0,0.0,0.06251511823527861,0.0,0.0
segment_residual_internal_two_stage,PF / dominant_big,1,0,0,0,0,0,0,0,0,0.0,0.0,0.2536681930952172,0.0,0.13626892456128947
segment_residual_internal_two_stage,PF / playmaking_forward,2,0,0,0,0,0,0,0,0,0.0,0.0,0.02894166388787035,0.0,0.46499310493343626
segment_residual_internal_two_stage,PF / rim_runner,5,0,0,0,0,0,0,0,0,0.0,0.0,0.08213862354324362,0.0,0.29679247039108864
segment_residual_internal_two_stage,PF / stretch_big,4,1,1,0,1,1,0,0,0,0.0,0.0,0.08615823588720978,0.25,0.30201851021296217
segment_residual_internal_two_stage,PG / primary_creator,1,1,0,1,0,0,0,0,0,1.0,1.0,0.37799398903145653,1.0,0.0
segment_residual_internal_two_stage,PG / secondary_creator,8,2,1,2,1,0,1,0,0,0.5,0.5,0.1878884415100433,0.25,0.3670143192827856
segment_residual_internal_two_stage,SF / offensive_wing,3,0,0,0,0,0,0,0,0,0.0,0.0,0.08761928682811893,0.0,0.2385122594076133
segment_residual_internal_two_stage,SF / rim_runner,1,0,0,0,0,0,0,0,0,0.0,0.0,0.16157884402704079,0.0,0.5331483604227439
segment_residual_internal_two_stage,SF / secondary_creator,4,0,0,0,0,0,0,0,0,0.0,0.0,0.11141712946892073,0.0,0.23219970144795932
segment_residual_internal_two_stage,SF / two_way_wing,3,0,0,0,0,0,0,0,0,0.0,0.0,0.10751044820294033,0.0,0.0
segment_residual_internal_two_stage,SG / offensive_wing,5,0,0,0,0,0,0,0,0,0.0,0.0,0.10044587650159871,0.0,0.17788176941027636
segment_residual_internal_two_stage,SG / secondary_creator,7,0,0,0,0,0,0,0,0,0.0,0.0,0.12442547414805302,0.0,0.16829787375969252
segment_residual_internal_two_stage,SG / two_way_wing,3,0,0,0,0,0,0,0,0,0.0,0.0,0.10846479401503084,0.0,0.13010174687826812
segment_residual_internal_two_stage_boost,C / rim_runner,3,0,0,1,0,0,1,0,0,0.0,0.0,0.2481530591749053,0.0,0.41177255505414073
segment_residual_internal_two_stage_boost,C / stretch_big,1,0,0,0,0,0,0,0,0,0.0,0.0,0.06251511823527861,0.0,0.0
segment_residual_internal_two_stage_boost,PF / dominant_big,1,0,0,0,0,0,0,0,0,0.0,0.0,0.2536681930952172,0.0,0.13626892456128947
segment_residual_internal_two_stage_boost,PF / playmaking_forward,2,0,0,0,0,0,0,0,0,0.0,0.0,0.02894166388787035,0.0,0.46499310493343626
segment_residual_internal_two_stage_boost,PF / rim_runner,5,0,0,0,0,0,0,0,0,0.0,0.0,0.08357676343793577,0.0,0.29679247039108864
segment_residual_internal_two_stage_boost,PF / stretch_big,4,1,1,0,1,1,0,0,0,0.0,0.0,0.08966353424252516,0.25,0.30201851021296217
segment_residual_internal_two_stage_boost,PG / primary_creator,1,1,0,1,0,0,0,0,0,1.0,1.0,0.37799398903145653,1.0,0.0
segment_residual_internal_two_stage_boost,PG / secondary_creator,8,2,1,2,1,0,1,0,0,0.5,0.5,0.18980847374229423,0.25,0.3670143192827856
segment_residual_internal_two_stage_boost,SF / offensive_wing,3,0,0,0,0,0,0,0,0,0.0,0.0,0.0886930392364995,0.0,0.2385122594076133
segment_residual_internal_two_stage_boost,SF / rim_runner,1,0,0,0,0,0,0,0,0,0.0,0.0,0.1625732948397231,0.0,0.5331483604227439
segment_residual_internal_two_stage_boost,SF / secondary_creator,4,0,0,0,0,0,0,0,0,0.0,0.0,0.11141712946892073,0.0,0.23219970144795932
segment_residual_internal_two_stage_boost,SF / two_way_wing,3,0,0,0,0,0,0,0,0,0.0,0.0,0.10751044820294033,0.0,0.0
segment_residual_internal_two_stage_boost,SG / offensive_wing,5,0,0,0,0,0,0,0,0,0.0,0.0,0.10044587650159871,0.0,0.17788176941027636
segment_residual_internal_two_stage_boost,SG / secondary_creator,7,0,0,0,0,0,0,0,0,0.0,0.0,0.12442547414805302,0.0,0.16829787375969252
segment_residual_internal_two_stage_boost,SG / two_way_wing,3,0,0,0,0,0,0,0,0,0.0,0.0,0.10846479401503084,0.0,0.13010174687826812
segment_residual_internal_two_stage_failure_cap,C / rim_runner,3,0,0,0,0,0,0,0,0,0.0,0.0,0.19153946406404576,0.0,0.41177255505414073
segment_residual_internal_two_stage_failure_cap,C / stretch_big,1,0,0,0,0,0,0,0,0,0.0,0.0,0.06251511823527861,0.0,0.0
segment_residual_internal_two_stage_failure_cap,PF / dominant_big,1,0,0,0,0,0,0,0,0,0.0,0.0,0.1713626892456129,0.0,0.13626892456128947
segment_residual_internal_two_stage_failure_cap,PF / playmaking_forward,2,0,0,0,0,0,0,0,0,0.0,0.0,0.02894166388787035,0.0,0.46499310493343626
segment_residual_internal_two_stage_failure_cap,PF / rim_runner,5,0,0,0,0,0,0,0,0,0.0,0.0,0.07960066651515568,0.0,0.29679247039108864
segment_residual_internal_two_stage_failure_cap,PF / stretch_big,4,1,1,0,1,1,0,0,0,0.0,0.0,0.08615823588720978,0.25,0.30201851021296217
segment_residual_internal_two_stage_failure_cap,PG / primary_creator,1,1,0,1,0,0,0,0,0,1.0,1.0,0.37799398903145653,1.0,0.0
segment_residual_internal_two_stage_failure_cap,PG / secondary_creator,8,2,1,2,1,0,1,0,0,0.5,0.5,0.1878884415100433,0.25,0.3670143192827856
segment_residual_internal_two_stage_failure_cap,SF / offensive_wing,3,0,0,0,0,0,0,0,0,0.0,0.0,0.08761928682811893,0.0,0.2385122594076133
segment_residual_internal_two_stage_failure_cap,SF / rim_runner,1,0,0,0,0,0,0,0,0,0.0,0.0,0.16157884402704079,0.0,0.5331483604227439
segment_residual_internal_two_stage_failure_cap,SF / secondary_creator,4,0,0,0,0,0,0,0,0,0.0,0.0,0.11141712946892073,0.0,0.23219970144795932
segment_residual_internal_two_stage_failure_cap,SF / two_way_wing,3,0,0,0,0,0,0,0,0,0.0,0.0,0.10751044820294033,0.0,0.0
segment_residual_internal_two_stage_failure_cap,SG / offensive_wing,5,0,0,0,0,0,0,0,0,0.0,0.0,0.10044587650159871,0.0,0.17788176941027636
segment_residual_internal_two_stage_failure_cap,SG / secondary_creator,7,0,0,0,0,0,0,0,0,0.0,0.0,0.12305420562655152,0.0,0.16829787375969252
segment_residual_internal_two_stage_failure_cap,SG / two_way_wing,3,0,0,0,0,0,0,0,0,0.0,0.0,0.10846479401503084,0.0,0.13010174687826812
segment_residual_internal_two_stage_failure_cap_combo_lift,C / rim_runner,3,0,0,0,0,0,0,0,0,0.0,0.0,0.19153946406404576,0.0,0.41177255505414073
segment_residual_internal_two_stage_failure_cap_combo_lift,C / stretch_big,1,0,0,0,0,0,0,0,0,0.0,0.0,0.06251511823527861,0.0,0.0
segment_residual_internal_two_stage_failure_cap_combo_lift,PF / dominant_big,1,0,0,0,0,0,0,0,0,0.0,0.0,0.1713626892456129,0.0,0.13626892456128947
segment_residual_internal_two_stage_failure_cap_combo_lift,PF / playmaking_forward,2,0,0,0,0,0,0,0,0,0.0,0.0,0.02894166388787035,0.0,0.46499310493343626
segment_residual_internal_two_stage_failure_cap_combo_lift,PF / rim_runner,5,0,0,0,0,0,0,0,0,0.0,0.0,0.07960066651515568,0.0,0.29679247039108864
segment_residual_internal_two_stage_failure_cap_combo_lift,PF / stretch_big,4,1,1,0,1,1,0,0,0,0.0,0.0,0.08615823588720978,0.25,0.30201851021296217
segment_residual_internal_two_stage_failure_cap_combo_lift,PG / primary_creator,1,1,0,1,0,0,0,0,0,1.0,1.0,0.37799398903145653,1.0,0.0
segment_residual_internal_two_stage_failure_cap_combo_lift,PG / secondary_creator,8,2,1,2,1,0,1,0,0,0.5,0.5,0.1878884415100433,0.25,0.3670143192827856
segment_residual_internal_two_stage_failure_cap_combo_lift,SF / offensive_wing,3,0,0,0,0,0,0,0,0,0.0,0.0,0.08761928682811893,0.0,0.2385122594076133
segment_residual_internal_two_stage_failure_cap_combo_lift,SF / rim_runner,1,0,0,0,0,0,0,0,0,0.0,0.0,0.16157884402704079,0.0,0.5331483604227439
segment_residual_internal_two_stage_failure_cap_combo_lift,SF / secondary_creator,4,0,0,0,0,0,0,0,0,0.0,0.0,0.11141712946892073,0.0,0.23219970144795932
segment_residual_internal_two_stage_failure_cap_combo_lift,SF / two_way_wing,3,0,0,0,0,0,0,0,0,0.0,0.0,0.10751044820294033,0.0,0.0
segment_residual_internal_two_stage_failure_cap_combo_lift,SG / offensive_wing,5,0,0,0,0,0,0,0,0,0.0,0.0,0.10044587650159871,0.0,0.17788176941027636
segment_residual_internal_two_stage_failure_cap_combo_lift,SG / secondary_creator,7,0,0,0,0,0,0,0,0,0.0,0.0,0.12305420562655152,0.0,0.16829787375969252
segment_residual_internal_two_stage_failure_cap_combo_lift,SG / two_way_wing,3,0,0,0,0,0,0,0,0,0.0,0.0,0.10846479401503084,0.0,0.13010174687826812
segment_residual_internal_two_stage_failure_cap_combo_lift_box_shot,C / rim_runner,3,0,0,0,0,0,0,0,0,0.0,0.0,0.1608954979286829,0.0,0.41177255505414073
segment_residual_internal_two_stage_failure_cap_combo_lift_box_shot,C / stretch_big,1,0,0,0,0,0,0,0,0,0.0,0.0,0.06245870401580697,0.0,0.0
segment_residual_internal_two_stage_failure_cap_combo_lift_box_shot,PF / dominant_big,1,0,0,0,0,0,0,0,0,0.0,0.0,0.1670583422876099,0.0,0.13626892456128947
segment_residual_internal_two_stage_failure_cap_combo_lift_box_shot,PF / playmaking_forward,2,0,0,0,0,0,0,0,0,0.0,0.0,0.007636841872400888,0.0,0.46499310493343626
segment_residual_internal_two_stage_failure_cap_combo_lift_box_shot,PF / rim_runner,5,0,0,0,0,0,0,0,0,0.0,0.0,0.06687668954355996,0.0,0.29679247039108864
segment_residual_internal_two_stage_failure_cap_combo_lift_box_shot,PF / stretch_big,4,1,1,0,1,1,0,0,0,0.0,0.0,0.1094467498577267,0.25,0.30201851021296217
segment_residual_internal_two_stage_failure_cap_combo_lift_box_shot,PG / primary_creator,1,1,0,1,0,0,0,0,0,1.0,1.0,0.5587541885092014,1.0,0.0
segment_residual_internal_two_stage_failure_cap_combo_lift_box_shot,PG / secondary_creator,8,2,1,2,1,0,1,0,0,0.5,0.5,0.18612572625476315,0.25,0.3670143192827856
segment_residual_internal_two_stage_failure_cap_combo_lift_box_shot,SF / offensive_wing,3,0,0,0,0,0,0,0,0,0.0,0.0,0.08948990259427196,0.0,0.2385122594076133
segment_residual_internal_two_stage_failure_cap_combo_lift_box_shot,SF / rim_runner,1,0,0,0,0,0,0,0,0,0.0,0.0,0.05978135044942979,0.0,0.5331483604227439
segment_residual_internal_two_stage_failure_cap_combo_lift_box_shot,SF / secondary_creator,4,0,0,0,0,0,0,0,0,0.0,0.0,0.06870578044395012,0.0,0.23219970144795932
segment_residual_internal_two_stage_failure_cap_combo_lift_box_shot,SF / two_way_wing,3,0,0,1,0,0,1,0,0,0.0,0.0,0.1146217420991556,0.0,0.0
segment_residual_internal_two_stage_failure_cap_combo_lift_box_shot,SG / offensive_wing,5,0,0,0,0,0,0,0,0,0.0,0.0,0.11637974316864844,0.0,0.17788176941027636
segment_residual_internal_two_stage_failure_cap_combo_lift_box_shot,SG / secondary_creator,7,0,0,0,0,0,0,0,0,0.0,0.0,0.09976402041679329,0.0,0.16829787375969252
segment_residual_internal_two_stage_failure_cap_combo_lift_box_shot,SG / two_way_wing,3,0,0,1,0,0,1,0,0,0.0,0.0,0.13620474430328738,0.0,0.13010174687826812
segment_residual_internal_two_stage_failure_cap_combo_lift_box_shot_usagepct_interactions,C / rim_runner,3,0,0,0,0,0,0,0,0,0.0,0.0,0.17371956660965338,0.0,0.41177255505414073
segment_residual_internal_two_stage_failure_cap_combo_lift_box_shot_usagepct_interactions,C / stretch_big,1,0,0,0,0,0,0,0,0,0.0,0.0,0.10624860217364683,0.0,0.0
segment_residual_internal_two_stage_failure_cap_combo_lift_box_shot_usagepct_interactions,PF / dominant_big,1,0,0,0,0,0,0,0,0,0.0,0.0,0.1713626892456129,0.0,0.13626892456128947
segment_residual_internal_two_stage_failure_cap_combo_lift_box_shot_usagepct_interactions,PF / playmaking_forward,2,0,0,0,0,0,0,0,0,0.0,0.0,0.0165288376469106,0.0,0.46499310493343626
segment_residual_internal_two_stage_failure_cap_combo_lift_box_shot_usagepct_interactions,PF / rim_runner,5,0,0,0,0,0,0,0,0,0.0,0.0,0.07363627063051144,0.0,0.29679247039108864
segment_residual_internal_two_stage_failure_cap_combo_lift_box_shot_usagepct_interactions,PF / stretch_big,4,1,1,0,1,1,0,0,0,0.0,0.0,0.09005998731364909,0.25,0.30201851021296217
segment_residual_internal_two_stage_failure_cap_combo_lift_box_shot_usagepct_interactions,PG / primary_creator,1,1,0,1,0,0,0,0,0,1.0,1.0,0.32129551063063666,1.0,0.0
segment_residual_internal_two_stage_failure_cap_combo_lift_box_shot_usagepct_interactions,PG / secondary_creator,8,2,1,2,1,0,1,0,0,0.5,0.5,0.21207394856451342,0.25,0.3670143192827856
segment_residual_internal_two_stage_failure_cap_combo_lift_box_shot_usagepct_interactions,SF / offensive_wing,3,0,0,0,0,0,0,0,0,0.0,0.0,0.08488105663448277,0.0,0.2385122594076133
segment_residual_internal_two_stage_failure_cap_combo_lift_box_shot_usagepct_interactions,SF / rim_runner,1,0,0,0,0,0,0,0,0,0.0,0.0,0.0674068086015135,0.0,0.5331483604227439
segment_residual_internal_two_stage_failure_cap_combo_lift_box_shot_usagepct_interactions,SF / secondary_creator,4,0,0,0,0,0,0,0,0,0.0,0.0,0.10174341315059068,0.0,0.23219970144795932
segment_residual_internal_two_stage_failure_cap_combo_lift_box_shot_usagepct_interactions,SF / two_way_wing,3,0,0,1,0,0,1,0,0,0.0,0.0,0.11688329263047877,0.0,0.0
segment_residual_internal_two_stage_failure_cap_combo_lift_box_shot_usagepct_interactions,SG / offensive_wing,5,0,0,1,0,0,1,0,0,0.0,0.0,0.11105889858951701,0.0,0.17788176941027636
segment_residual_internal_two_stage_failure_cap_combo_lift_box_shot_usagepct_interactions,SG / secondary_creator,7,0,0,0,0,0,0,0,0,0.0,0.0,0.13397140204891786,0.0,0.16829787375969252
segment_residual_internal_two_stage_failure_cap_combo_lift_box_shot_usagepct_interactions,SG / two_way_wing,3,0,0,0,0,0,0,0,0,0.0,0.0,0.11665796567715386,0.0,0.13010174687826812
segment_residual_internal_two_stage_failure_cap_combo_lift_box_shot_usagepct_scores,C / rim_runner,3,0,0,0,0,0,0,0,0,0.0,0.0,0.16086499545293517,0.0,0.41177255505414073
segment_residual_internal_two_stage_failure_cap_combo_lift_box_shot_usagepct_scores,C / stretch_big,1,0,0,0,0,0,0,0,0,0.0,0.0,0.09284666030521443,0.0,0.0
segment_residual_internal_two_stage_failure_cap_combo_lift_box_shot_usagepct_scores,PF / dominant_big,1,0,0,0,0,0,0,0,0,0.0,0.0,0.154524961964093,0.0,0.13626892456128947
segment_residual_internal_two_stage_failure_cap_combo_lift_box_shot_usagepct_scores,PF / playmaking_forward,2,0,0,0,0,0,0,0,0,0.0,0.0,0.010677490231927503,0.0,0.46499310493343626
segment_residual_internal_two_stage_failure_cap_combo_lift_box_shot_usagepct_scores,PF / rim_runner,5,0,0,0,0,0,0,0,0,0.0,0.0,0.05708894941960718,0.0,0.29679247039108864
segment_residual_internal_two_stage_failure_cap_combo_lift_box_shot_usagepct_scores,PF / stretch_big,4,1,1,0,1,1,0,0,0,0.0,0.0,0.11701254555064514,0.25,0.30201851021296217
segment_residual_internal_two_stage_failure_cap_combo_lift_box_shot_usagepct_scores,PG / primary_creator,1,1,0,1,0,0,0,0,0,1.0,1.0,0.43845750547673173,1.0,0.0
segment_residual_internal_two_stage_failure_cap_combo_lift_box_shot_usagepct_scores,PG / secondary_creator,8,2,1,2,1,0,1,0,0,0.5,0.5,0.18780360290704667,0.25,0.3670143192827856
segment_residual_internal_two_stage_failure_cap_combo_lift_box_shot_usagepct_scores,SF / offensive_wing,3,0,0,0,0,0,0,0,0,0.0,0.0,0.07937910200736815,0.0,0.2385122594076133
segment_residual_internal_two_stage_failure_cap_combo_lift_box_shot_usagepct_scores,SF / rim_runner,1,0,0,0,0,0,0,0,0,0.0,0.0,0.03130097204629719,0.0,0.5331483604227439
segment_residual_internal_two_stage_failure_cap_combo_lift_box_shot_usagepct_scores,SF / secondary_creator,4,0,0,0,0,0,0,0,0,0.0,0.0,0.08546517543521238,0.0,0.23219970144795932
segment_residual_internal_two_stage_failure_cap_combo_lift_box_shot_usagepct_scores,SF / two_way_wing,3,0,0,1,0,0,1,0,0,0.0,0.0,0.13463767170515384,0.0,0.0
segment_residual_internal_two_stage_failure_cap_combo_lift_box_shot_usagepct_scores,SG / offensive_wing,5,0,0,1,0,0,1,0,0,0.0,0.0,0.11975015789231469,0.0,0.17788176941027636
segment_residual_internal_two_stage_failure_cap_combo_lift_box_shot_usagepct_scores,SG / secondary_creator,7,0,0,0,0,0,0,0,0,0.0,0.0,0.10190880097573694,0.0,0.16829787375969252
segment_residual_internal_two_stage_failure_cap_combo_lift_box_shot_usagepct_scores,SG / two_way_wing,3,0,0,1,0,0,1,0,0,0.0,0.0,0.1575566780113081,0.0,0.13010174687826812
segment_residual_internal_two_stage_failure_cap_combo_lift_full_shot_usagepct_interactions,C / rim_runner,3,0,0,0,0,0,0,0,0,0.0,0.0,0.19153946406404576,0.0,0.41177255505414073
segment_residual_internal_two_stage_failure_cap_combo_lift_full_shot_usagepct_interactions,C / stretch_big,1,0,0,0,0,0,0,0,0,0.0,0.0,0.0661159141202625,0.0,0.0
segment_residual_internal_two_stage_failure_cap_combo_lift_full_shot_usagepct_interactions,PF / dominant_big,1,0,0,0,0,0,0,0,0,0.0,0.0,0.1713626892456129,0.0,0.13626892456128947
segment_residual_internal_two_stage_failure_cap_combo_lift_full_shot_usagepct_interactions,PF / playmaking_forward,2,0,0,0,0,0,0,0,0,0.0,0.0,0.030392508673095862,0.0,0.46499310493343626
segment_residual_internal_two_stage_failure_cap_combo_lift_full_shot_usagepct_interactions,PF / rim_runner,5,0,0,0,0,0,0,0,0,0.0,0.0,0.07904694314858375,0.0,0.29679247039108864
segment_residual_internal_two_stage_failure_cap_combo_lift_full_shot_usagepct_interactions,PF / stretch_big,4,1,1,0,1,1,0,0,1,0.0,0.0,0.08930916222378663,0.25,0.30201851021296217
segment_residual_internal_two_stage_failure_cap_combo_lift_full_shot_usagepct_interactions,PG / primary_creator,1,1,0,1,0,0,0,0,0,1.0,1.0,0.33082303108575073,1.0,0.0
segment_residual_internal_two_stage_failure_cap_combo_lift_full_shot_usagepct_interactions,PG / secondary_creator,8,2,1,2,1,0,1,0,0,0.5,0.5,0.18819509392335124,0.25,0.3670143192827856
segment_residual_internal_two_stage_failure_cap_combo_lift_full_shot_usagepct_interactions,SF / offensive_wing,3,0,0,0,0,0,0,0,0,0.0,0.0,0.08510462255598299,0.0,0.2385122594076133
segment_residual_internal_two_stage_failure_cap_combo_lift_full_shot_usagepct_interactions,SF / rim_runner,1,0,0,0,0,0,0,0,0,0.0,0.0,0.1332205097184123,0.0,0.5331483604227439
segment_residual_internal_two_stage_failure_cap_combo_lift_full_shot_usagepct_interactions,SF / secondary_creator,4,0,0,0,0,0,0,0,0,0.0,0.0,0.11242454825758555,0.0,0.23219970144795932
segment_residual_internal_two_stage_failure_cap_combo_lift_full_shot_usagepct_interactions,SF / two_way_wing,3,0,0,0,0,0,0,0,0,0.0,0.0,0.10661577339397088,0.0,0.0
segment_residual_internal_two_stage_failure_cap_combo_lift_full_shot_usagepct_interactions,SG / offensive_wing,5,0,0,0,0,0,0,0,0,0.0,0.0,0.09967178013533926,0.0,0.17788176941027636
segment_residual_internal_two_stage_failure_cap_combo_lift_full_shot_usagepct_interactions,SG / secondary_creator,7,0,0,0,0,0,0,0,0,0.0,0.0,0.12467003502913956,0.0,0.16829787375969252
segment_residual_internal_two_stage_failure_cap_combo_lift_full_shot_usagepct_interactions,SG / two_way_wing,3,0,0,0,0,0,0,0,0,0.0,0.0,0.11066341983876947,0.0,0.13010174687826812
segment_residual_internal_two_stage_failure_cap_combo_lift_full_shot_usagepct_scores,C / rim_runner,3,0,0,0,0,0,0,0,0,0.0,0.0,0.19153946406404576,0.0,0.41177255505414073
segment_residual_internal_two_stage_failure_cap_combo_lift_full_shot_usagepct_scores,C / stretch_big,1,0,0,0,0,0,0,0,0,0.0,0.0,0.06665894519078008,0.0,0.0
segment_residual_internal_two_stage_failure_cap_combo_lift_full_shot_usagepct_scores,PF / dominant_big,1,0,0,0,0,0,0,0,0,0.0,0.0,0.1713626892456129,0.0,0.13626892456128947
segment_residual_internal_two_stage_failure_cap_combo_lift_full_shot_usagepct_scores,PF / playmaking_forward,2,0,0,0,0,0,0,0,0,0.0,0.0,0.029639054880835833,0.0,0.46499310493343626
segment_residual_internal_two_stage_failure_cap_combo_lift_full_shot_usagepct_scores,PF / rim_runner,5,0,0,0,0,0,0,0,0,0.0,0.0,0.08133871874836984,0.0,0.29679247039108864
segment_residual_internal_two_stage_failure_cap_combo_lift_full_shot_usagepct_scores,PF / stretch_big,4,1,1,0,1,1,0,0,1,0.0,0.0,0.0895989423004542,0.25,0.30201851021296217
segment_residual_internal_two_stage_failure_cap_combo_lift_full_shot_usagepct_scores,PG / primary_creator,1,1,0,1,0,0,0,0,0,1.0,1.0,0.3608910799840128,1.0,0.0
segment_residual_internal_two_stage_failure_cap_combo_lift_full_shot_usagepct_scores,PG / secondary_creator,8,2,1,2,1,0,1,0,0,0.5,0.5,0.18966096838722735,0.25,0.3670143192827856
segment_residual_internal_two_stage_failure_cap_combo_lift_full_shot_usagepct_scores,SF / offensive_wing,3,0,0,0,0,0,0,0,0,0.0,0.0,0.0885732690675594,0.0,0.2385122594076133
segment_residual_internal_two_stage_failure_cap_combo_lift_full_shot_usagepct_scores,SF / rim_runner,1,0,0,0,0,0,0,0,0,0.0,0.0,0.14613930545649728,0.0,0.5331483604227439
segment_residual_internal_two_stage_failure_cap_combo_lift_full_shot_usagepct_scores,SF / secondary_creator,4,0,0,0,0,0,0,0,0,0.0,0.0,0.1152141977024892,0.0,0.23219970144795932
segment_residual_internal_two_stage_failure_cap_combo_lift_full_shot_usagepct_scores,SF / two_way_wing,3,0,0,0,0,0,0,0,0,0.0,0.0,0.10633713173242616,0.0,0.0
segment_residual_internal_two_stage_failure_cap_combo_lift_full_shot_usagepct_scores,SG / offensive_wing,5,0,0,0,0,0,0,0,0,0.0,0.0,0.10023102592286223,0.0,0.17788176941027636
segment_residual_internal_two_stage_failure_cap_combo_lift_full_shot_usagepct_scores,SG / secondary_creator,7,0,0,0,0,0,0,0,0,0.0,0.0,0.12463446647759228,0.0,0.16829787375969252
segment_residual_internal_two_stage_failure_cap_combo_lift_full_shot_usagepct_scores,SG / two_way_wing,3,0,0,0,0,0,0,0,0,0.0,0.0,0.11198098370713282,0.0,0.13010174687826812
segment_residual_internal_two_stage_failure_cap_combo_lift_no_shot,C / rim_runner,3,0,0,0,0,0,0,0,0,0.0,0.0,0.15673205059836923,0.0,0.41177255505414073
segment_residual_internal_two_stage_failure_cap_combo_lift_no_shot,C / stretch_big,1,0,0,0,0,0,0,0,0,0.0,0.0,0.06342341957496048,0.0,0.0
segment_residual_internal_two_stage_failure_cap_combo_lift_no_shot,PF / dominant_big,1,0,0,0,0,0,0,0,0,0.0,0.0,0.1713626892456129,0.0,0.13626892456128947
segment_residual_internal_two_stage_failure_cap_combo_lift_no_shot,PF / playmaking_forward,2,0,0,0,0,0,0,0,0,0.0,0.0,0.008733448745732088,0.0,0.46499310493343626
segment_residual_internal_two_stage_failure_cap_combo_lift_no_shot,PF / rim_runner,5,0,0,0,0,0,0,0,0,0.0,0.0,0.06660450355152724,0.0,0.29679247039108864
segment_residual_internal_two_stage_failure_cap_combo_lift_no_shot,PF / stretch_big,4,1,1,0,1,1,0,0,0,0.0,0.0,0.11848603863906304,0.25,0.30201851021296217
segment_residual_internal_two_stage_failure_cap_combo_lift_no_shot,PG / primary_creator,1,1,0,1,0,0,0,0,0,1.0,1.0,0.5501252639906623,1.0,0.0
segment_residual_internal_two_stage_failure_cap_combo_lift_no_shot,PG / secondary_creator,8,2,1,2,1,0,1,0,0,0.5,0.5,0.19220790817162905,0.25,0.3670143192827856
segment_residual_internal_two_stage_failure_cap_combo_lift_no_shot,SF / offensive_wing,3,0,0,0,0,0,0,0,0,0.0,0.0,0.08620147469478275,0.0,0.2385122594076133
segment_residual_internal_two_stage_failure_cap_combo_lift_no_shot,SF / rim_runner,1,0,0,0,0,0,0,0,0,0.0,0.0,0.041494458701249404,0.0,0.5331483604227439
segment_residual_internal_two_stage_failure_cap_combo_lift_no_shot,SF / secondary_creator,4,0,0,0,0,0,0,0,0,0.0,0.0,0.07721526781268513,0.0,0.23219970144795932
segment_residual_internal_two_stage_failure_cap_combo_lift_no_shot,SF / two_way_wing,3,0,0,1,0,0,1,0,0,0.0,0.0,0.1291488030622803,0.0,0.0
segment_residual_internal_two_stage_failure_cap_combo_lift_no_shot,SG / offensive_wing,5,0,0,1,0,0,1,0,0,0.0,0.0,0.12665983864137303,0.0,0.17788176941027636
segment_residual_internal_two_stage_failure_cap_combo_lift_no_shot,SG / secondary_creator,7,0,0,0,0,0,0,0,0,0.0,0.0,0.10182124279867158,0.0,0.16829787375969252
segment_residual_internal_two_stage_failure_cap_combo_lift_no_shot,SG / two_way_wing,3,0,0,1,0,0,1,0,0,0.0,0.0,0.14210167944636298,0.0,0.13010174687826812
segment_residual_random_forest_sigmoid,C / rim_runner,3,0,0,2,0,0,2,0,0,0.0,0.0,0.35863453850846777,0.0,0.41177255505414073
segment_residual_random_forest_sigmoid,C / stretch_big,1,0,0,0,0,0,0,0,0,0.0,0.0,0.04084639971476537,0.0,0.0
segment_residual_random_forest_sigmoid,PF / dominant_big,1,0,0,0,0,0,0,0,0,0.0,0.0,0.15996991472960115,0.0,0.13626892456128947
segment_residual_random_forest_sigmoid,PF / playmaking_forward,2,0,0,0,0,0,0,0,0,0.0,0.0,0.025128793120742426,0.0,0.46499310493343626
segment_residual_random_forest_sigmoid,PF / rim_runner,5,0,0,1,0,0,1,0,0,0.0,0.0,0.092528013696017,0.0,0.29679247039108864
segment_residual_random_forest_sigmoid,PF / stretch_big,4,1,1,0,1,1,0,0,0,0.0,0.0,0.08834035489889058,0.25,0.30201851021296217
segment_residual_random_forest_sigmoid,PG / primary_creator,1,1,0,1,0,0,0,0,0,1.0,1.0,0.4942829254255241,1.0,0.0
segment_residual_random_forest_sigmoid,PG / secondary_creator,8,2,1,1,2,1,1,0,0,0.0,0.0,0.1264433805152344,0.25,0.3670143192827856
segment_residual_random_forest_sigmoid,SF / offensive_wing,3,0,0,0,0,0,0,0,0,0.0,0.0,0.06445055875065106,0.0,0.2385122594076133
segment_residual_random_forest_sigmoid,SF / rim_runner,1,0,0,0,0,0,0,0,0,0.0,0.0,0.08869269935628701,0.0,0.5331483604227439
segment_residual_random_forest_sigmoid,SF / secondary_creator,4,0,0,0,0,0,0,0,0,0.0,0.0,0.09721156166133735,0.0,0.23219970144795932
segment_residual_random_forest_sigmoid,SF / two_way_wing,3,0,0,1,0,0,1,0,0,0.0,0.0,0.12431967381031327,0.0,0.0
segment_residual_random_forest_sigmoid,SG / offensive_wing,5,0,0,0,0,0,0,0,0,0.0,0.0,0.09090242777572347,0.0,0.17788176941027636
segment_residual_random_forest_sigmoid,SG / secondary_creator,7,0,0,0,0,0,0,0,0,0.0,0.0,0.11102058403425906,0.0,0.16829787375969252
segment_residual_random_forest_sigmoid,SG / two_way_wing,3,0,0,0,0,0,0,0,0,0.0,0.0,0.0791656141194344,0.0,0.13010174687826812
